timestamp,city,city_key,temperature,windspeed,winddirection,weathercode,is_day,humidity,precipitation,pressure
2026-06-28T13:49:42.697642+00:00,Dar es Salaam,dar_es_salaam,27.2,15.2,156,0,1,59,0.3,1017.1
2026-06-28T13:49:43.144029+00:00,Dodoma,dodoma,26.9,13.1,97,0,1,24,0.0,1017.4
2026-06-28T13:49:43.596435+00:00,Arusha,arusha,22.7,5.7,46,0,1,52,0.0,1019.2
2026-06-28T13:49:44.051597+00:00,Mwanza,mwanza,27.3,6.2,244,0,1,30,0.0,1015.2
2026-06-28T13:49:44.482668+00:00,Zanzibar,zanzibar,26.3,21.2,150,0,1,71,0.2,1017.2
2026-06-28T14:21:09.769322+00:00,Dar es Salaam,dar_es_salaam,26.6,14.5,155,0,1,59,0.3,1016.3
2026-06-28T14:21:10.400873+00:00,Dodoma,dodoma,26.5,13.6,98,0,1,22,0.0,1015.9
2026-06-28T14:21:11.056147+00:00,Arusha,arusha,22.3,5.4,40,0,1,49,0.0,1018.0
2026-06-28T14:21:11.714202+00:00,Mwanza,mwanza,26.8,5.2,264,0,1,29,0.0,1014.0
2026-06-28T14:21:12.359730+00:00,Zanzibar,zanzibar,25.9,20.4,148,0,1,70,0.2,1016.5
2026-06-28T14:35:28.649900+00:00,Dar es Salaam,dar_es_salaam,26.2,14.2,156,0,1,59,0.3,1016.3
2026-06-28T14:35:29.429995+00:00,Dodoma,dodoma,26.2,14.1,100,0,1,22,0.0,1015.9
2026-06-28T14:35:30.222081+00:00,Arusha,arusha,21.9,5.0,52,0,1,49,0.0,1018.0
2026-06-28T14:35:30.808067+00:00,Mwanza,mwanza,26.5,4.4,282,0,1,29,0.0,1014.0
2026-06-28T14:35:31.370918+00:00,Zanzibar,zanzibar,25.7,19.4,147,0,1,70,0.2,1016.5
2026-06-28T15:11:10.000107+00:00,Dar es Salaam,dar_es_salaam,25.5,13.4,158,0,1,58,0.2,1015.4
2026-06-28T15:11:10.465062+00:00,Dodoma,dodoma,25.5,15.5,102,0,1,21,0.0,1014.7
2026-06-28T15:11:10.914322+00:00,Arusha,arusha,20.9,5.4,75,0,1,46,0.0,1016.9
2026-06-28T15:11:11.399734+00:00,Mwanza,mwanza,25.7,4.5,320,0,1,30,0.0,1012.8
2026-06-28T15:11:11.844767+00:00,Zanzibar,zanzibar,25.3,17.6,146,0,1,71,0.0,1015.6
2026-06-28T15:44:13.013712+00:00,Dar es Salaam,dar_es_salaam,24.9,12.7,157,0,0,58,0.2,1015.4
2026-06-28T15:44:13.515361+00:00,Dodoma,dodoma,24.1,18.2,102,0,1,21,0.0,1014.7
2026-06-28T15:44:14.004164+00:00,Arusha,arusha,19.6,6.7,71,0,1,46,0.0,1016.9
2026-06-28T15:44:14.443406+00:00,Mwanza,mwanza,24.5,5.5,341,0,1,30,0.0,1012.8
2026-06-28T15:44:14.883010+00:00,Zanzibar,zanzibar,24.9,16.9,147,0,0,71,0.0,1015.6
2026-06-28T16:14:24.631351+00:00,Dar es Salaam,dar_es_salaam,24.4,12.0,156,0,0,61,0.0,1015.0
2026-06-28T16:14:25.309253+00:00,Dodoma,dodoma,22.7,21.0,102,0,0,22,0.0,1013.8
2026-06-28T16:14:26.144474+00:00,Arusha,arusha,18.4,8.1,65,0,0,46,0.0,1015.8
2026-06-28T16:14:26.952035+00:00,Mwanza,mwanza,23.3,6.1,348,0,0,31,0.0,1011.9
2026-06-28T16:14:27.792642+00:00,Zanzibar,zanzibar,24.7,16.8,149,0,0,75,0.0,1015.1
2026-06-28T16:44:16.922712+00:00,Dar es Salaam,dar_es_salaam,24.1,11.9,158,0,0,61,0.0,1015.0
2026-06-28T16:44:17.542785+00:00,Dodoma,dodoma,21.8,22.4,103,0,0,22,0.0,1013.8
2026-06-28T16:44:18.156245+00:00,Arusha,arusha,18.3,9.6,62,0,0,46,0.0,1015.8
2026-06-28T16:44:18.956665+00:00,Mwanza,mwanza,22.7,4.8,338,0,0,31,0.0,1011.9
2026-06-28T16:44:19.625235+00:00,Zanzibar,zanzibar,24.6,16.9,150,0,0,75,0.0,1015.1
2026-06-28T17:14:38.202510+00:00,Dar es Salaam,dar_es_salaam,24.0,11.8,159,0,0,66,0.0,1014.9
2026-06-28T17:14:39.036858+00:00,Dodoma,dodoma,20.9,23.2,104,0,0,23,0.0,1013.5
2026-06-28T17:14:39.658128+00:00,Arusha,arusha,18.6,10.3,61,0,0,45,0.0,1015.0
2026-06-28T17:14:40.483108+00:00,Mwanza,mwanza,22.2,3.7,309,0,0,32,0.0,1011.7
2026-06-28T17:14:41.096401+00:00,Zanzibar,zanzibar,24.6,16.9,149,1,0,77,0.0,1014.9
2026-06-28T17:44:56.259254+00:00,Dar es Salaam,dar_es_salaam,23.9,11.7,157,0,0,66,0.0,1014.9
2026-06-28T17:44:56.896230+00:00,Dodoma,dodoma,20.1,24.0,103,0,0,23,0.0,1013.5
2026-06-28T17:44:57.539681+00:00,Arusha,arusha,18.6,9.2,57,0,0,45,0.0,1015.0
2026-06-28T17:44:58.188489+00:00,Mwanza,mwanza,21.9,4.0,270,0,0,32,0.0,1011.7
2026-06-28T17:44:58.821710+00:00,Zanzibar,zanzibar,24.5,16.8,148,0,0,77,0.0,1014.9
2026-06-28T18:13:33.631517+00:00,Dar es Salaam,dar_es_salaam,23.8,11.6,156,0,0,75,0.0,1015.3
2026-06-28T18:13:34.261014+00:00,Dodoma,dodoma,19.3,24.8,101,0,0,26,0.0,1013.8
2026-06-28T18:13:34.885493+00:00,Arusha,arusha,18.6,7.9,60,0,0,59,0.0,1015.2
2026-06-28T18:13:35.527136+00:00,Mwanza,mwanza,21.7,5.2,248,0,0,37,0.0,1011.8
2026-06-28T18:13:36.155668+00:00,Zanzibar,zanzibar,24.3,16.5,146,0,0,81,0.0,1015.1
2026-06-28T18:44:25.359468+00:00,Dar es Salaam,dar_es_salaam,23.7,11.5,158,0,0,75,0.0,1015.3
2026-06-28T18:44:25.905336+00:00,Dodoma,dodoma,18.9,25.5,101,0,0,26,0.0,1013.8
2026-06-28T18:44:26.451639+00:00,Arusha,arusha,18.5,9.4,85,0,0,59,0.0,1015.2
2026-06-28T18:44:27.045874+00:00,Mwanza,mwanza,21.5,5.5,243,0,0,37,0.0,1011.8
2026-06-28T18:44:27.656876+00:00,Zanzibar,zanzibar,24.2,16.0,145,0,0,81,0.0,1015.1
2026-06-28T19:15:39.218393+00:00,Dar es Salaam,dar_es_salaam,23.6,10.8,162,0,0,82,0.0,1015.7
2026-06-28T19:15:39.837174+00:00,Dodoma,dodoma,18.3,25.4,99,0,0,37,0.0,1015.1
2026-06-28T19:15:40.448975+00:00,Arusha,arusha,18.0,13.0,101,0,0,67,0.0,1015.8
2026-06-28T19:15:41.107159+00:00,Mwanza,mwanza,21.2,5.6,241,0,0,60,0.0,1012.0
2026-06-28T19:15:41.704504+00:00,Zanzibar,zanzibar,24.1,15.3,144,0,0,83,0.0,1015.6
2026-06-28T19:57:03.216979+00:00,Dar es Salaam,dar_es_salaam,23.4,10.3,164,0,0,82,0.0,1015.7
2026-06-28T19:57:03.608688+00:00,Dodoma,dodoma,18.0,24.1,96,0,0,37,0.0,1015.1
2026-06-28T19:57:04.007552+00:00,Arusha,arusha,17.2,13.6,101,0,0,67,0.0,1015.8
2026-06-28T19:57:04.404548+00:00,Mwanza,mwanza,21.0,5.8,240,0,0,60,0.0,1012.0
2026-06-28T19:57:04.800469+00:00,Zanzibar,zanzibar,24.1,14.8,143,0,0,83,0.0,1015.6
2026-06-28T20:33:38.572216+00:00,Dar es Salaam,dar_es_salaam,23.2,9.7,165,0,0,85,0.0,1016.3
2026-06-28T20:33:38.966016+00:00,Dodoma,dodoma,17.6,23.1,94,0,0,46,0.0,1016.4
2026-06-28T20:33:39.386860+00:00,Arusha,arusha,16.7,15.8,90,0,0,58,0.0,1016.4
2026-06-28T20:33:39.780634+00:00,Mwanza,mwanza,20.7,3.7,231,0,0,71,0.0,1012.5
2026-06-28T20:33:40.185811+00:00,Zanzibar,zanzibar,23.9,14.5,143,0,0,82,0.0,1016.1
2026-06-28T21:08:09.755561+00:00,Dar es Salaam,dar_es_salaam,23.1,9.5,166,0,0,89,0.0,1017.2
2026-06-28T21:08:10.154460+00:00,Dodoma,dodoma,17.4,22.9,93,0,0,65,0.0,1018.6
2026-06-28T21:08:10.669255+00:00,Arusha,arusha,16.5,17.6,83,0,0,64,0.0,1019.5
2026-06-28T21:08:11.077001+00:00,Mwanza,mwanza,20.5,2.4,197,0,0,76,0.0,1014.3
2026-06-28T21:08:11.472628+00:00,Zanzibar,zanzibar,23.9,14.4,142,0,0,85,0.0,1017.0
2026-06-28T21:38:42.362628+00:00,Dar es Salaam,dar_es_salaam,23.0,9.1,170,0,0,89,0.0,1017.2
2026-06-28T21:38:42.853967+00:00,Dodoma,dodoma,17.1,23.1,93,0,0,65,0.0,1018.6
2026-06-28T21:38:43.301198+00:00,Arusha,arusha,16.1,17.0,80,0,0,64,0.0,1019.5
2026-06-28T21:38:43.773366+00:00,Mwanza,mwanza,20.4,4.5,175,0,0,76,0.0,1014.3
2026-06-28T21:38:44.206262+00:00,Zanzibar,zanzibar,23.8,13.9,142,0,0,85,0.0,1017.0
2026-06-28T22:07:43.129223+00:00,Dar es Salaam,dar_es_salaam,22.9,8.6,178,0,0,89,0.0,1017.2
2026-06-28T22:07:43.634222+00:00,Dodoma,dodoma,16.9,23.1,93,0,0,65,0.0,1018.6
2026-06-28T22:07:44.073806+00:00,Arusha,arusha,15.7,15.7,79,0,0,64,0.0,1019.5
2026-06-28T22:07:44.545247+00:00,Mwanza,mwanza,20.3,6.7,174,0,0,76,0.0,1014.3
2026-06-28T22:07:45.047945+00:00,Zanzibar,zanzibar,23.7,13.2,143,0,0,85,0.0,1017.0
2026-06-28T22:37:15.225283+00:00,Dar es Salaam,dar_es_salaam,22.6,8.5,192,0,0,89,0.0,1017.2
2026-06-28T22:37:15.615197+00:00,Dodoma,dodoma,16.8,22.4,94,0,0,65,0.0,1018.6
2026-06-28T22:37:16.022678+00:00,Arusha,arusha,15.5,14.8,81,1,0,64,0.0,1019.5
2026-06-28T22:37:16.424422+00:00,Mwanza,mwanza,20.2,7.0,180,0,0,76,0.0,1014.3
2026-06-28T22:37:16.829598+00:00,Zanzibar,zanzibar,23.5,12.3,142,0,0,85,0.0,1017.0
2026-06-28T23:08:45.597023+00:00,Dar es Salaam,dar_es_salaam,22.3,8.8,206,0,0,89,0.0,1017.2
2026-06-28T23:08:46.233901+00:00,Dodoma,dodoma,16.7,21.3,93,0,0,65,0.0,1018.6
2026-06-28T23:08:47.055266+00:00,Arusha,arusha,15.3,14.0,83,1,0,64,0.0,1019.5
2026-06-28T23:08:47.907924+00:00,Mwanza,mwanza,20.1,7.0,179,0,0,76,0.0,1014.3
2026-06-28T23:08:48.731113+00:00,Zanzibar,zanzibar,23.4,11.8,140,0,0,85,0.0,1017.0
2026-06-28T23:38:48.842012+00:00,Dar es Salaam,dar_es_salaam,22.2,9.0,209,0,0,89,0.0,1017.2
2026-06-28T23:38:49.502736+00:00,Dodoma,dodoma,16.6,20.5,91,0,0,65,0.0,1018.6
2026-06-28T23:38:50.055576+00:00,Arusha,arusha,15.1,13.5,87,1,0,64,0.0,1019.5
2026-06-28T23:38:50.740270+00:00,Mwanza,mwanza,19.7,9.4,156,0,0,76,0.0,1014.3
2026-06-28T23:38:51.401260+00:00,Zanzibar,zanzibar,23.3,11.8,137,1,0,85,0.0,1017.0
2026-06-29T00:09:23.168480+00:00,Dar es Salaam,dar_es_salaam,22.1,9.1,210,0,0,89,0.0,1017.2
2026-06-29T00:09:23.615363+00:00,Dodoma,dodoma,16.5,19.8,87,0,0,65,0.0,1018.6
2026-06-29T00:09:24.108619+00:00,Arusha,arusha,14.9,13.0,89,1,0,64,0.0,1019.5
2026-06-29T00:09:24.552055+00:00,Mwanza,mwanza,19.3,12.3,143,0,0,76,0.0,1014.3
2026-06-29T00:09:25.025759+00:00,Zanzibar,zanzibar,23.3,11.8,136,1,0,85,0.0,1017.0
2026-06-29T01:23:32.992579+00:00,Dar es Salaam,dar_es_salaam,21.9,9.1,212,0,0,90,0.0,1016.8
2026-06-29T01:23:33.568526+00:00,Dodoma,dodoma,15.9,19.0,85,0,0,67,0.0,1018.4
2026-06-29T01:23:34.080811+00:00,Arusha,arusha,14.6,11.2,84,1,0,81,0.0,1019.6
2026-06-29T01:23:34.699535+00:00,Mwanza,mwanza,18.5,9.6,147,0,0,69,0.0,1014.6
2026-06-29T01:23:35.346231+00:00,Zanzibar,zanzibar,23.5,9.8,150,51,0,87,0.0,1016.6
2026-06-29T02:20:32.592880+00:00,Dar es Salaam,dar_es_salaam,21.7,8.4,220,0,0,90,0.0,1016.4
2026-06-29T02:20:33.301980+00:00,Dodoma,dodoma,15.6,19.3,91,0,0,72,0.0,1018.0
2026-06-29T02:20:33.817988+00:00,Arusha,arusha,14.5,10.7,85,3,0,80,0.0,1019.5
2026-06-29T02:20:34.406341+00:00,Mwanza,mwanza,18.4,11.8,156,0,0,58,0.0,1013.9
2026-06-29T02:20:35.102184+00:00,Zanzibar,zanzibar,23.3,9.7,178,2,0,85,0.0,1016.0
2026-06-29T03:46:59.484479+00:00,Dar es Salaam,dar_es_salaam,21.2,8.8,227,0,1,93,0.0,1016.1
2026-06-29T03:47:00.163532+00:00,Dodoma,dodoma,14.5,16.9,88,0,0,75,0.0,1017.8
2026-06-29T03:47:00.776969+00:00,Arusha,arusha,14.2,7.9,93,3,1,86,0.0,1019.4
2026-06-29T03:47:01.425606+00:00,Mwanza,mwanza,17.6,13.2,160,0,0,54,0.0,1014.2
2026-06-29T03:47:02.050526+00:00,Zanzibar,zanzibar,22.8,11.4,204,2,1,88,0.0,1015.8
2026-06-29T05:37:01.056044+00:00,Dar es Salaam,dar_es_salaam,24.1,8.2,213,0,1,94,0.0,1016.6
2026-06-29T05:37:01.543282+00:00,Dodoma,dodoma,17.4,18.2,88,0,1,82,0.0,1018.4
2026-06-29T05:37:02.031363+00:00,Arusha,arusha,15.8,10.3,105,3,1,93,0.0,1020.0
2026-06-29T05:37:02.433949+00:00,Mwanza,mwanza,19.8,13.4,154,0,1,51,0.0,1014.8
2026-06-29T05:37:02.837177+00:00,Zanzibar,zanzibar,24.0,12.4,210,51,1,89,0.2,1016.5
2026-06-29T07:16:05.168653+00:00,Dar es Salaam,dar_es_salaam,26.5,10.2,157,51,1,93,0.0,1017.5
2026-06-29T07:16:05.754761+00:00,Dodoma,dodoma,21.4,17.1,88,0,1,88,0.0,1019.6
2026-06-29T07:16:06.555566+00:00,Arusha,arusha,17.9,10.5,103,2,1,96,0.1,1021.1
2026-06-29T07:16:07.226562+00:00,Mwanza,mwanza,23.8,9.9,151,0,1,57,0.0,1016.0
2026-06-29T07:16:07.780902+00:00,Zanzibar,zanzibar,25.3,11.4,209,1,1,92,0.1,1017.4
2026-06-29T09:09:01.873382+00:00,Dar es Salaam,dar_es_salaam,27.2,9.6,137,51,1,80,0.0,1018.9
2026-06-29T09:09:02.364487+00:00,Dodoma,dodoma,24.8,15.3,87,0,1,72,0.0,1020.8
2026-06-29T09:09:02.768459+00:00,Arusha,arusha,20.4,10.2,124,2,1,84,0.1,1022.0
2026-06-29T09:09:03.178326+00:00,Mwanza,mwanza,26.9,6.7,160,0,1,51,0.0,1017.2
2026-06-29T09:09:03.589432+00:00,Zanzibar,zanzibar,26.8,10.6,195,0,1,84,0.0,1018.9
2026-06-29T10:54:45.894046+00:00,Dar es Salaam,dar_es_salaam,27.5,10.3,139,51,1,72,0.1,1019.1
2026-06-29T10:54:46.517823+00:00,Dodoma,dodoma,27.1,13.6,78,0,1,60,0.0,1020.8
2026-06-29T10:54:47.132243+00:00,Arusha,arusha,22.2,9.6,120,1,1,77,0.0,1022.1
2026-06-29T10:54:47.746491+00:00,Mwanza,mwanza,27.6,7.9,300,0,1,46,0.0,1017.2
2026-06-29T10:54:48.364406+00:00,Zanzibar,zanzibar,27.3,14.3,173,0,1,83,0.1,1019.1
2026-06-29T12:32:14.722672+00:00,Dar es Salaam,dar_es_salaam,27.3,13.5,143,51,1,67,0.4,1018.2
2026-06-29T12:32:15.124683+00:00,Dodoma,dodoma,28.3,12.6,93,0,1,41,0.0,1018.7
2026-06-29T12:32:15.523904+00:00,Arusha,arusha,23.7,13.1,102,1,1,67,0.0,1020.2
2026-06-29T12:32:15.927263+00:00,Mwanza,mwanza,26.1,12.7,333,0,1,39,0.0,1015.5
2026-06-29T12:32:16.328222+00:00,Zanzibar,zanzibar,27.0,18.3,162,0,1,78,0.0,1018.2
2026-06-29T14:12:55.215598+00:00,Dar es Salaam,dar_es_salaam,26.8,13.4,156,0,1,63,0.2,1016.6
2026-06-29T14:12:55.702385+00:00,Dodoma,dodoma,26.4,16.6,99,0,1,33,0.0,1015.8
2026-06-29T14:12:56.102441+00:00,Arusha,arusha,21.9,12.5,74,0,1,58,0.0,1017.5
2026-06-29T14:12:56.506066+00:00,Mwanza,mwanza,25.6,10.2,347,0,1,40,0.0,1013.4
2026-06-29T14:12:56.910558+00:00,Zanzibar,zanzibar,26.1,17.7,163,0,1,71,0.1,1016.6
2026-06-29T15:30:07.819301+00:00,Dar es Salaam,dar_es_salaam,24.9,12.1,165,0,0,61,0.2,1015.8
2026-06-29T15:30:09.442199+00:00,Dodoma,dodoma,23.2,24.8,110,0,1,29,0.0,1014.3
2026-06-29T15:30:10.171881+00:00,Arusha,arusha,19.9,10.3,74,0,1,54,0.0,1016.2
2026-06-29T15:30:10.762999+00:00,Mwanza,mwanza,24.1,7.8,356,0,1,52,0.0,1012.8
2026-06-29T15:30:11.356745+00:00,Zanzibar,zanzibar,24.8,15.1,149,1,0,72,0.0,1015.8
2026-06-29T16:43:49.288640+00:00,Dar es Salaam,dar_es_salaam,24.1,11.8,171,0,0,61,0.1,1015.3
2026-06-29T16:43:49.731832+00:00,Dodoma,dodoma,21.0,24.6,107,0,0,31,0.0,1013.6
2026-06-29T16:43:50.262261+00:00,Arusha,arusha,19.2,12.2,65,0,0,56,0.0,1015.3
2026-06-29T16:43:50.775458+00:00,Mwanza,mwanza,23.2,6.7,333,0,0,52,0.0,1011.9
2026-06-29T16:43:51.153704+00:00,Zanzibar,zanzibar,24.5,15.2,151,1,0,73,0.0,1015.2
2026-06-29T17:43:27.124913+00:00,Dar es Salaam,dar_es_salaam,23.7,11.6,173,0,0,64,0.1,1015.3
2026-06-29T17:43:27.741692+00:00,Dodoma,dodoma,19.1,23.3,101,0,0,36,0.0,1013.9
2026-06-29T17:43:28.402004+00:00,Arusha,arusha,19.6,13.7,69,0,0,58,0.0,1015.4
2026-06-29T17:43:29.014304+00:00,Mwanza,mwanza,22.8,4.5,323,0,0,52,0.0,1011.7
2026-06-29T17:43:29.632718+00:00,Zanzibar,zanzibar,24.6,15.6,161,0,0,75,0.0,1015.2
2026-06-29T18:29:27.727448+00:00,Dar es Salaam,dar_es_salaam,23.4,10.7,172,0,0,74,0.0,1015.6
2026-06-29T18:29:28.428541+00:00,Dodoma,dodoma,18.3,22.9,98,0,0,43,0.0,1014.2
2026-06-29T18:29:28.943142+00:00,Arusha,arusha,19.5,15.2,76,0,0,63,0.0,1015.2
2026-06-29T18:29:29.550511+00:00,Mwanza,mwanza,22.3,3.4,295,0,0,53,0.0,1011.5
2026-06-29T18:29:30.161259+00:00,Zanzibar,zanzibar,24.4,14.6,162,1,0,79,0.0,1015.4
2026-06-29T19:15:43.034851+00:00,Dar es Salaam,dar_es_salaam,22.9,9.4,176,0,0,80,0.0,1016.0
2026-06-29T19:15:43.672483+00:00,Dodoma,dodoma,17.8,23.8,90,0,0,53,0.0,1015.0
2026-06-29T19:15:44.322527+00:00,Arusha,arusha,18.6,18.9,90,0,0,72,0.0,1015.4
2026-06-29T19:15:44.985319+00:00,Mwanza,mwanza,21.7,5.5,261,0,0,63,0.0,1011.4
2026-06-29T19:15:45.628881+00:00,Zanzibar,zanzibar,24.2,13.1,157,2,0,83,0.0,1015.7
2026-06-29T20:11:46.078769+00:00,Dar es Salaam,dar_es_salaam,22.5,8.8,185,0,0,82,0.0,1016.4
2026-06-29T20:11:46.719912+00:00,Dodoma,dodoma,17.4,23.9,90,0,0,66,0.0,1016.3
2026-06-29T20:11:47.348919+00:00,Arusha,arusha,17.5,21.6,89,0,0,67,0.0,1016.1
2026-06-29T20:11:47.972191+00:00,Mwanza,mwanza,21.4,5.8,248,0,0,67,0.0,1011.9
2026-06-29T20:11:48.587747+00:00,Zanzibar,zanzibar,24.2,13.7,153,2,0,81,0.0,1016.2
2026-06-29T20:54:11.466917+00:00,Dar es Salaam,dar_es_salaam,22.2,8.3,185,0,0,82,0.0,1016.4
2026-06-29T20:54:12.026559+00:00,Dodoma,dodoma,17.1,23.8,92,0,0,66,0.0,1016.3
2026-06-29T20:54:12.612755+00:00,Arusha,arusha,16.6,17.8,91,1,0,67,0.0,1016.1
2026-06-29T20:54:13.174910+00:00,Mwanza,mwanza,20.8,5.4,233,0,0,67,0.0,1011.9
2026-06-29T20:54:13.727965+00:00,Zanzibar,zanzibar,24.1,12.8,151,1,0,81,0.0,1016.2
2026-06-29T21:32:09.569136+00:00,Dar es Salaam,dar_es_salaam,22.1,8.8,185,0,0,88,0.0,1017.4
2026-06-29T21:32:10.066880+00:00,Dodoma,dodoma,16.9,23.8,94,0,0,80,0.0,1018.9
2026-06-29T21:32:10.560063+00:00,Arusha,arusha,16.1,15.1,93,2,0,80,0.0,1019.5
2026-06-29T21:32:11.057770+00:00,Mwanza,mwanza,20.5,4.8,209,0,0,86,0.0,1014.2
2026-06-29T21:32:11.543971+00:00,Zanzibar,zanzibar,23.8,12.2,152,1,0,83,0.0,1017.1
2026-06-29T22:09:04.570689+00:00,Dar es Salaam,dar_es_salaam,22.1,9.2,186,0,0,88,0.0,1017.4
2026-06-29T22:09:05.190920+00:00,Dodoma,dodoma,16.8,22.3,92,0,0,80,0.0,1018.9
2026-06-29T22:09:05.807454+00:00,Arusha,arusha,15.8,12.5,83,3,0,80,0.0,1019.5
2026-06-29T22:09:06.444463+00:00,Mwanza,mwanza,20.4,5.8,200,0,0,86,0.0,1014.2
2026-06-29T22:09:07.072184+00:00,Zanzibar,zanzibar,23.7,13.0,160,0,0,83,0.0,1017.1
2026-06-29T22:37:52.788662+00:00,Dar es Salaam,dar_es_salaam,22.0,9.5,189,0,0,88,0.0,1017.4
2026-06-29T22:37:53.261328+00:00,Dodoma,dodoma,16.7,21.8,94,0,0,80,0.0,1018.9
2026-06-29T22:37:53.750291+00:00,Arusha,arusha,15.6,12.1,83,3,0,80,0.0,1019.5
2026-06-29T22:37:54.255741+00:00,Mwanza,mwanza,20.5,6.5,194,0,0,86,0.0,1014.2
2026-06-29T22:37:54.725666+00:00,Zanzibar,zanzibar,23.6,12.9,161,1,0,83,0.0,1017.1
2026-06-29T23:07:26.649916+00:00,Dar es Salaam,dar_es_salaam,21.8,9.3,193,0,0,88,0.0,1017.4
2026-06-29T23:07:27.059132+00:00,Dodoma,dodoma,16.6,21.5,96,0,0,80,0.0,1018.9
2026-06-29T23:07:27.462310+00:00,Arusha,arusha,15.5,12.1,85,3,0,80,0.0,1019.5
2026-06-29T23:07:27.867831+00:00,Mwanza,mwanza,20.6,7.6,188,0,0,86,0.0,1014.2
2026-06-29T23:07:28.276785+00:00,Zanzibar,zanzibar,23.5,12.7,162,1,0,83,0.0,1017.1
2026-06-29T23:36:43.728127+00:00,Dar es Salaam,dar_es_salaam,21.7,9.3,198,0,0,88,0.0,1017.4
2026-06-29T23:36:44.365678+00:00,Dodoma,dodoma,16.5,21.4,97,0,0,80,0.0,1018.9
2026-06-29T23:36:44.984753+00:00,Arusha,arusha,15.5,11.4,85,3,0,80,0.0,1019.5
2026-06-29T23:36:45.592156+00:00,Mwanza,mwanza,20.7,10.5,176,0,0,86,0.0,1014.2
2026-06-29T23:36:46.210145+00:00,Zanzibar,zanzibar,23.5,13.2,160,1,0,83,0.0,1017.1
2026-06-30T00:08:19.895887+00:00,Dar es Salaam,dar_es_salaam,21.6,9.3,202,0,0,88,0.0,1017.4
2026-06-30T00:08:20.294381+00:00,Dodoma,dodoma,16.3,21.1,97,0,0,80,0.0,1018.9
2026-06-30T00:08:20.698030+00:00,Arusha,arusha,15.5,10.7,85,3,0,80,0.0,1019.5
2026-06-30T00:08:21.102225+00:00,Mwanza,mwanza,20.7,13.6,169,0,0,86,0.0,1014.2
2026-06-30T00:08:21.505450+00:00,Zanzibar,zanzibar,23.6,13.6,158,1,0,83,0.0,1017.1
2026-06-30T01:18:11.301084+00:00,Dar es Salaam,dar_es_salaam,21.6,9.6,200,0,0,87,0.0,1017.0
2026-06-30T01:18:11.905704+00:00,Dodoma,dodoma,15.8,19.6,91,0,0,81,0.0,1018.5
2026-06-30T01:18:12.520654+00:00,Arusha,arusha,15.3,11.0,86,51,0,86,0.0,1019.3
2026-06-30T01:18:13.119559+00:00,Mwanza,mwanza,19.8,16.2,163,0,0,78,0.0,1014.4
2026-06-30T01:18:13.718338+00:00,Zanzibar,zanzibar,23.5,11.8,159,2,0,84,0.0,1016.8
2026-06-30T02:20:33.662534+00:00,Dar es Salaam,dar_es_salaam,21.3,9.3,209,0,0,88,0.0,1016.5
2026-06-30T02:20:34.067426+00:00,Dodoma,dodoma,15.4,19.4,91,1,0,83,0.0,1017.9
2026-06-30T02:20:34.487508+00:00,Arusha,arusha,15.2,12.4,88,51,0,93,0.0,1018.7
2026-06-30T02:20:34.975945+00:00,Mwanza,mwanza,19.3,16.5,164,0,0,70,0.0,1014.1
2026-06-30T02:20:35.377499+00:00,Zanzibar,zanzibar,23.2,11.3,171,1,0,83,0.0,1016.2
2026-06-30T03:46:35.376691+00:00,Dar es Salaam,dar_es_salaam,20.9,9.7,228,1,1,90,0.0,1016.2
2026-06-30T03:46:36.082443+00:00,Dodoma,dodoma,15.5,18.6,94,3,0,85,0.0,1017.9
2026-06-30T03:46:36.699377+00:00,Arusha,arusha,15.1,12.4,93,51,1,95,0.1,1018.6
2026-06-30T03:46:37.276543+00:00,Mwanza,mwanza,18.7,17.0,167,0,0,56,0.0,1014.0
2026-06-30T03:46:37.942235+00:00,Zanzibar,zanzibar,22.8,11.1,210,1,1,84,0.0,1016.0
2026-06-30T05:25:06.228801+00:00,Dar es Salaam,dar_es_salaam,23.0,8.5,218,0,1,91,0.0,1016.6
2026-06-30T05:25:06.826299+00:00,Dodoma,dodoma,16.6,22.6,96,3,1,91,0.0,1018.4
2026-06-30T05:25:07.447304+00:00,Arusha,arusha,15.4,13.8,103,53,1,98,0.3,1019.2
2026-06-30T05:25:07.935488+00:00,Mwanza,mwanza,20.0,18.4,161,0,1,59,0.0,1014.2
2026-06-30T05:25:08.453738+00:00,Zanzibar,zanzibar,24.1,13.6,217,0,1,83,0.0,1016.4
2026-06-30T06:48:27.360117+00:00,Dar es Salaam,dar_es_salaam,25.8,10.0,166,0,1,92,0.0,1017.2
2026-06-30T06:48:27.774453+00:00,Dodoma,dodoma,19.7,21.5,99,2,1,92,0.0,1019.1
2026-06-30T06:48:28.193213+00:00,Arusha,arusha,15.6,13.4,102,53,1,98,0.2,1019.8
2026-06-30T06:48:28.589120+00:00,Mwanza,mwanza,22.8,17.4,161,3,1,62,0.0,1014.8
2026-06-30T06:48:28.998657+00:00,Zanzibar,zanzibar,25.1,13.6,203,51,1,87,0.0,1017.2
2026-06-30T08:13:28.442813+00:00,Dar es Salaam,dar_es_salaam,27.1,12.2,146,1,1,88,0.0,1018.4
2026-06-30T08:13:29.084569+00:00,Dodoma,dodoma,22.4,18.2,99,2,1,85,0.0,1020.3
2026-06-30T08:13:29.740124+00:00,Arusha,arusha,17.3,17.2,100,3,1,98,0.4,1021.1
2026-06-30T08:13:30.408896+00:00,Mwanza,mwanza,25.5,14.9,158,3,1,63,0.0,1016.5
2026-06-30T08:13:31.024250+00:00,Zanzibar,zanzibar,26.6,13.0,186,1,1,87,0.1,1018.3
2026-06-30T09:29:34.715696+00:00,Dar es Salaam,dar_es_salaam,27.9,12.6,137,1,1,80,0.0,1019.1
2026-06-30T09:29:35.315146+00:00,Dodoma,dodoma,24.2,15.4,106,2,1,75,0.0,1020.9
2026-06-30T09:29:36.032604+00:00,Arusha,arusha,18.1,14.1,92,3,1,97,0.4,1021.9
2026-06-30T09:29:36.667656+00:00,Mwanza,mwanza,27.4,12.0,161,3,1,58,0.0,1016.9
2026-06-30T09:29:37.369018+00:00,Zanzibar,zanzibar,27.3,16.2,170,0,1,84,0.1,1019.0
2026-06-30T10:41:45.331383+00:00,Dar es Salaam,dar_es_salaam,28.2,13.5,134,2,1,69,0.1,1019.3
2026-06-30T10:41:45.732716+00:00,Dodoma,dodoma,24.7,15.4,111,3,1,60,0.0,1020.9
2026-06-30T10:41:46.136280+00:00,Arusha,arusha,19.7,10.7,97,2,1,89,0.3,1022.0
2026-06-30T10:41:46.544037+00:00,Mwanza,mwanza,28.7,9.0,185,3,1,52,0.0,1016.7
2026-06-30T10:41:46.940613+00:00,Zanzibar,zanzibar,27.5,18.5,167,1,1,77,0.2,1019.3
2026-06-30T11:42:13.691867+00:00,Dar es Salaam,dar_es_salaam,28.0,14.3,134,2,1,63,0.1,1019.4
2026-06-30T11:42:14.101699+00:00,Dodoma,dodoma,25.3,15.3,111,1,1,52,0.0,1020.6
2026-06-30T11:42:14.484015+00:00,Arusha,arusha,20.2,8.1,91,2,1,83,0.1,1021.9
2026-06-30T11:42:14.912622+00:00,Mwanza,mwanza,28.5,3.2,254,3,1,46,0.0,1016.3
2026-06-30T11:42:15.354168+00:00,Zanzibar,zanzibar,27.3,18.5,161,1,1,73,0.1,1019.3
2026-06-30T12:31:26.779493+00:00,Dar es Salaam,dar_es_salaam,27.7,13.9,137,2,1,60,0.1,1018.8
2026-06-30T12:31:27.426969+00:00,Dodoma,dodoma,25.9,14.8,100,0,1,46,0.0,1019.6
2026-06-30T12:31:28.072192+00:00,Arusha,arusha,21.0,8.1,85,3,1,80,0.0,1021.4
2026-06-30T12:31:28.833549+00:00,Mwanza,mwanza,27.0,8.4,335,3,1,42,0.0,1015.4
2026-06-30T12:31:29.473312+00:00,Zanzibar,zanzibar,27.1,18.0,153,1,1,70,0.1,1018.8
2026-06-30T13:23:35.809260+00:00,Dar es Salaam,dar_es_salaam,27.2,14.4,140,2,1,57,0.0,1017.6
2026-06-30T13:23:36.418051+00:00,Dodoma,dodoma,26.0,13.1,120,0,1,46,0.0,1018.3
2026-06-30T13:23:37.119233+00:00,Arusha,arusha,21.5,6.5,66,3,1,70,0.0,1019.7
2026-06-30T13:23:37.694248+00:00,Mwanza,mwanza,26.9,5.3,350,3,1,40,0.0,1013.9
2026-06-30T13:23:38.310937+00:00,Zanzibar,zanzibar,26.7,17.8,152,1,1,61,0.0,1017.5
2026-06-30T14:17:02.136096+00:00,Dar es Salaam,dar_es_salaam,26.4,13.0,146,0,1,56,0.0,1016.8
2026-06-30T14:17:02.535731+00:00,Dodoma,dodoma,25.5,14.1,95,0,1,44,0.0,1017.3
2026-06-30T14:17:02.934658+00:00,Arusha,arusha,21.4,5.8,95,3,1,64,0.0,1018.7
2026-06-30T14:17:03.337051+00:00,Mwanza,mwanza,26.2,5.2,344,3,1,38,0.0,1012.9
2026-06-30T14:17:03.730617+00:00,Zanzibar,zanzibar,25.9,16.2,146,0,1,62,0.0,1016.8
2026-06-30T15:20:41.918840+00:00,Dar es Salaam,dar_es_salaam,25.1,12.4,154,0,1,56,0.0,1016.2
2026-06-30T15:20:42.318909+00:00,Dodoma,dodoma,23.2,20.2,89,2,1,40,0.0,1016.0
2026-06-30T15:20:42.723688+00:00,Arusha,arusha,19.9,8.1,78,3,1,60,0.0,1017.5
2026-06-30T15:20:43.162381+00:00,Mwanza,mwanza,25.1,4.6,324,3,1,38,0.0,1012.0
2026-06-30T15:20:43.564737+00:00,Zanzibar,zanzibar,24.9,13.4,144,0,1,64,0.0,1016.3
2026-06-30T16:22:40.532559+00:00,Dar es Salaam,dar_es_salaam,24.1,11.8,161,0,0,59,0.0,1015.6
2026-06-30T16:22:40.997110+00:00,Dodoma,dodoma,21.4,22.3,97,1,0,39,0.0,1015.0
2026-06-30T16:22:41.553991+00:00,Arusha,arusha,18.2,13.2,70,2,0,57,0.0,1016.5
2026-06-30T16:22:42.015766+00:00,Mwanza,mwanza,23.7,2.8,285,3,0,46,0.0,1011.5
2026-06-30T16:22:42.470838+00:00,Zanzibar,zanzibar,24.1,12.7,145,0,0,65,0.0,1015.7
2026-06-30T17:12:19.661708+00:00,Dar es Salaam,dar_es_salaam,23.7,10.8,169,0,0,62,0.0,1016.0
2026-06-30T17:12:20.080687+00:00,Dodoma,dodoma,20.2,24.9,103,0,0,38,0.0,1014.7
2026-06-30T17:12:20.514858+00:00,Arusha,arusha,18.4,14.3,72,2,0,57,0.0,1016.0
2026-06-30T17:12:21.036077+00:00,Mwanza,mwanza,23.5,4.1,209,3,0,54,0.1,1011.2
2026-06-30T17:12:21.476094+00:00,Zanzibar,zanzibar,24.1,15.5,151,0,0,69,0.0,1016.0
2026-06-30T17:56:46.903622+00:00,Dar es Salaam,dar_es_salaam,23.3,9.8,174,0,0,62,0.0,1016.0
2026-06-30T17:56:47.514930+00:00,Dodoma,dodoma,19.0,26.9,101,0,0,38,0.0,1014.7
2026-06-30T17:56:48.138006+00:00,Arusha,arusha,18.3,14.7,72,2,0,57,0.0,1016.0
2026-06-30T17:56:48.763750+00:00,Mwanza,mwanza,24.0,7.6,162,3,0,54,0.1,1011.2
2026-06-30T17:56:49.411780+00:00,Zanzibar,zanzibar,24.0,14.9,153,0,0,69,0.0,1016.0
2026-06-30T18:45:33.293358+00:00,Dar es Salaam,dar_es_salaam,22.9,9.2,173,0,0,70,0.0,1016.3
2026-06-30T18:45:33.699232+00:00,Dodoma,dodoma,18.2,27.3,99,0,0,48,0.0,1015.4
2026-06-30T18:45:34.105171+00:00,Arusha,arusha,17.9,17.3,81,1,0,64,0.0,1016.1
2026-06-30T18:45:34.545071+00:00,Mwanza,mwanza,24.3,11.5,166,2,0,61,0.0,1011.4
2026-06-30T18:45:34.946524+00:00,Zanzibar,zanzibar,23.7,13.5,150,0,0,76,0.0,1016.1
2026-06-30T19:36:05.703445+00:00,Dar es Salaam,dar_es_salaam,22.6,9.3,171,0,0,76,0.0,1016.6
2026-06-30T19:36:06.327381+00:00,Dodoma,dodoma,17.7,26.8,99,0,0,56,0.0,1015.9
2026-06-30T19:36:06.981698+00:00,Arusha,arusha,17.4,17.5,82,1,0,66,0.0,1016.6
2026-06-30T19:36:07.646867+00:00,Mwanza,mwanza,24.0,11.3,170,2,0,74,0.0,1011.5
2026-06-30T19:36:08.253397+00:00,Zanzibar,zanzibar,23.6,13.1,147,1,0,80,0.0,1016.3
2026-06-30T20:25:57.422758+00:00,Dar es Salaam,dar_es_salaam,22.4,9.2,176,0,0,79,0.0,1017.0
2026-06-30T20:25:58.033683+00:00,Dodoma,dodoma,17.3,26.1,100,0,0,65,0.0,1017.2
2026-06-30T20:25:58.675576+00:00,Arusha,arusha,16.9,15.7,81,0,0,68,0.0,1017.6
2026-06-30T20:25:59.308120+00:00,Mwanza,mwanza,23.4,10.1,170,3,0,68,0.0,1012.2
2026-06-30T20:25:59.914927+00:00,Zanzibar,zanzibar,23.5,13.1,144,0,0,79,0.0,1016.8
2026-06-30T21:08:07.218065+00:00,Dar es Salaam,dar_es_salaam,22.4,9.6,177,0,0,86,0.0,1017.4
2026-06-30T21:08:07.715333+00:00,Dodoma,dodoma,17.0,23.6,97,0,0,78,0.0,1018.8
2026-06-30T21:08:08.221282+00:00,Arusha,arusha,16.6,12.4,76,1,0,75,0.0,1019.3
2026-06-30T21:08:08.723871+00:00,Mwanza,mwanza,22.1,8.6,160,3,0,54,0.0,1013.7
2026-06-30T21:08:09.199448+00:00,Zanzibar,zanzibar,23.6,14.4,150,0,0,82,0.0,1017.2
2026-06-30T21:46:28.599582+00:00,Dar es Salaam,dar_es_salaam,22.1,9.1,189,0,0,86,0.0,1017.4
2026-06-30T21:46:29.220129+00:00,Dodoma,dodoma,16.7,22.7,98,0,0,78,0.0,1018.8
2026-06-30T21:46:29.893071+00:00,Arusha,arusha,16.1,11.9,79,1,0,75,0.0,1019.3
2026-06-30T21:46:30.532182+00:00,Mwanza,mwanza,22.0,15.7,146,2,0,54,0.0,1013.7
2026-06-30T21:46:31.139933+00:00,Zanzibar,zanzibar,23.4,12.6,153,0,0,82,0.0,1017.2
2026-06-30T22:28:37.666829+00:00,Dar es Salaam,dar_es_salaam,22.0,9.0,192,0,0,86,0.0,1017.4
2026-06-30T22:28:38.289590+00:00,Dodoma,dodoma,16.6,22.0,99,0,0,78,0.0,1018.8
2026-06-30T22:28:38.926976+00:00,Arusha,arusha,15.8,11.8,81,1,0,75,0.0,1019.3
2026-06-30T22:28:39.577293+00:00,Mwanza,mwanza,21.7,18.1,142,1,0,54,0.0,1013.7
2026-06-30T22:28:40.202277+00:00,Zanzibar,zanzibar,23.3,11.8,154,0,0,82,0.0,1017.2
2026-06-30T22:57:46.729904+00:00,Dar es Salaam,dar_es_salaam,21.9,8.9,186,0,0,86,0.0,1017.4
2026-06-30T22:57:47.124775+00:00,Dodoma,dodoma,16.5,21.7,99,0,0,78,0.0,1018.8
2026-06-30T22:57:47.527342+00:00,Arusha,arusha,15.4,11.8,83,1,0,75,0.0,1019.3
2026-06-30T22:57:47.952080+00:00,Mwanza,mwanza,21.1,17.2,140,1,0,54,0.0,1013.7
2026-06-30T22:57:48.353542+00:00,Zanzibar,zanzibar,23.3,11.8,153,0,0,82,0.0,1017.2
2026-06-30T23:35:17.661385+00:00,Dar es Salaam,dar_es_salaam,21.6,8.8,195,0,0,86,0.0,1017.4
2026-06-30T23:35:18.056495+00:00,Dodoma,dodoma,16.3,20.5,98,0,0,78,0.0,1018.8
2026-06-30T23:35:18.449397+00:00,Arusha,arusha,15.0,12.1,87,2,0,75,0.0,1019.3
2026-06-30T23:35:18.845207+00:00,Mwanza,mwanza,20.5,16.6,139,1,0,54,0.0,1013.7
2026-06-30T23:35:19.249109+00:00,Zanzibar,zanzibar,23.2,11.4,153,1,0,82,0.0,1017.2
2026-07-01T00:08:28.861504+00:00,Dar es Salaam,dar_es_salaam,21.5,9.0,206,0,0,86,0.0,1017.4
2026-07-01T00:08:29.264209+00:00,Dodoma,dodoma,16.2,19.8,97,0,0,78,0.0,1018.8
2026-07-01T00:08:29.746931+00:00,Arusha,arusha,14.9,12.2,89,3,0,75,0.0,1019.3
2026-07-01T00:08:30.127656+00:00,Mwanza,mwanza,20.2,16.5,140,1,0,54,0.0,1013.7
2026-07-01T00:08:30.504015+00:00,Zanzibar,zanzibar,23.2,10.9,156,1,0,82,0.0,1017.2
2026-07-01T01:23:20.875366+00:00,Dar es Salaam,dar_es_salaam,21.2,8.4,217,0,0,87,0.0,1017.2
2026-07-01T01:23:21.271493+00:00,Dodoma,dodoma,15.6,18.2,91,1,0,82,0.0,1018.8
2026-07-01T01:23:21.734797+00:00,Arusha,arusha,15.2,11.1,98,3,0,80,0.0,1019.5
2026-07-01T01:23:22.147766+00:00,Mwanza,mwanza,19.8,17.3,138,1,0,51,0.0,1014.7
2026-07-01T01:23:22.526858+00:00,Zanzibar,zanzibar,23.0,10.1,178,1,0,84,0.0,1016.9
2026-07-01T02:20:07.182184+00:00,Dar es Salaam,dar_es_salaam,20.9,9.1,231,0,0,89,0.0,1016.0
2026-07-01T02:20:07.681785+00:00,Dodoma,dodoma,15.0,18.0,89,3,0,83,0.0,1017.8
2026-07-01T02:20:08.237178+00:00,Arusha,arusha,14.9,10.3,93,3,0,84,0.0,1018.9
2026-07-01T02:20:08.676988+00:00,Mwanza,mwanza,19.4,16.3,137,2,0,57,0.0,1014.3
2026-07-01T02:20:09.205566+00:00,Zanzibar,zanzibar,22.6,10.2,204,51,0,81,0.0,1015.8
2026-07-01T03:46:40.927897+00:00,Dar es Salaam,dar_es_salaam,20.7,9.6,236,1,1,89,0.0,1016.1
2026-07-01T03:46:41.366311+00:00,Dodoma,dodoma,15.0,19.5,93,3,0,85,0.0,1018.0
2026-07-01T03:46:41.778286+00:00,Arusha,arusha,14.5,12.4,89,3,1,89,0.0,1019.0
2026-07-01T03:46:42.175056+00:00,Mwanza,mwanza,18.1,14.5,149,3,0,58,0.0,1014.0
2026-07-01T03:46:42.569381+00:00,Zanzibar,zanzibar,22.1,10.2,204,51,1,84,0.0,1015.8
2026-07-01T05:34:52.809744+00:00,Dar es Salaam,dar_es_salaam,23.4,8.2,218,0,1,91,0.0,1016.7
2026-07-01T05:34:53.442665+00:00,Dodoma,dodoma,17.0,23.1,94,2,1,95,0.0,1018.9
2026-07-01T05:34:54.055736+00:00,Arusha,arusha,15.3,16.6,102,3,1,95,0.0,1019.9
2026-07-01T05:34:54.676849+00:00,Mwanza,mwanza,19.8,15.1,152,3,1,62,0.0,1014.3
2026-07-01T05:34:55.321625+00:00,Zanzibar,zanzibar,23.9,12.3,209,51,1,87,0.1,1016.5
2026-07-01T07:09:46.400100+00:00,Dar es Salaam,dar_es_salaam,25.9,11.0,156,1,1,91,0.0,1017.7
2026-07-01T07:09:47.019186+00:00,Dodoma,dodoma,20.4,22.0,98,0,1,93,0.0,1019.5
2026-07-01T07:09:47.657719+00:00,Arusha,arusha,15.9,14.1,85,3,1,95,0.0,1020.3
2026-07-01T07:09:48.304123+00:00,Mwanza,mwanza,23.1,14.5,150,1,1,67,0.0,1015.3
2026-07-01T07:09:48.921680+00:00,Zanzibar,zanzibar,25.0,11.4,185,3,1,90,0.4,1017.7
2026-07-01T08:37:26.652285+00:00,Dar es Salaam,dar_es_salaam,27.2,13.3,147,1,1,87,0.0,1018.3
2026-07-01T08:37:27.197314+00:00,Dodoma,dodoma,23.5,19.1,99,0,1,84,0.0,1020.0
2026-07-01T08:37:27.748107+00:00,Arusha,arusha,17.9,11.7,88,3,1,93,0.1,1020.9
2026-07-01T08:37:28.322311+00:00,Mwanza,mwanza,26.3,12.6,156,3,1,65,0.0,1016.1
2026-07-01T08:37:28.906089+00:00,Zanzibar,zanzibar,26.2,14.4,172,51,1,88,0.2,1018.2
2026-07-01T10:06:52.636546+00:00,Dar es Salaam,dar_es_salaam,28.1,13.4,147,1,1,69,0.0,1019.1
2026-07-01T10:06:53.035099+00:00,Dodoma,dodoma,25.2,18.1,103,0,1,58,0.0,1020.4
2026-07-01T10:06:53.478423+00:00,Arusha,arusha,19.7,9.4,102,1,1,81,0.0,1022.3
2026-07-01T10:06:53.884026+00:00,Mwanza,mwanza,27.7,12.1,183,3,1,53,0.0,1017.1
2026-07-01T10:06:54.358261+00:00,Zanzibar,zanzibar,26.8,17.8,166,0,1,82,0.2,1019.2
2026-07-01T11:24:02.531558+00:00,Dar es Salaam,dar_es_salaam,28.4,14.6,145,1,1,63,0.0,1019.0
2026-07-01T11:24:02.936418+00:00,Dodoma,dodoma,25.7,17.1,102,0,1,48,0.0,1019.9
2026-07-01T11:24:03.343976+00:00,Arusha,arusha,20.5,6.2,111,1,1,77,0.0,1022.1
2026-07-01T11:24:03.750452+00:00,Mwanza,mwanza,28.6,13.4,195,2,1,46,0.0,1016.7
2026-07-01T11:24:04.149709+00:00,Zanzibar,zanzibar,27.0,19.1,164,0,1,76,0.1,1019.2
2026-07-01T12:23:36.840474+00:00,Dar es Salaam,dar_es_salaam,28.1,15.5,149,1,1,60,0.1,1018.4
2026-07-01T12:23:37.458644+00:00,Dodoma,dodoma,26.1,15.2,100,0,1,42,0.0,1018.7
2026-07-01T12:23:38.104403+00:00,Arusha,arusha,21.3,7.8,105,1,1,71,0.0,1021.1
2026-07-01T12:23:38.743871+00:00,Mwanza,mwanza,28.6,12.1,187,1,1,41,0.0,1015.6
2026-07-01T12:23:39.379140+00:00,Zanzibar,zanzibar,27.0,21.3,161,0,1,71,0.1,1018.6
2026-07-01T13:28:02.931843+00:00,Dar es Salaam,dar_es_salaam,27.4,15.8,153,0,1,57,0.1,1017.4
2026-07-01T13:28:03.421211+00:00,Dodoma,dodoma,25.8,14.8,100,0,1,37,0.0,1017.5
2026-07-01T13:28:03.826249+00:00,Arusha,arusha,21.0,7.4,94,1,1,65,0.0,1019.7
2026-07-01T13:28:04.230771+00:00,Mwanza,mwanza,28.5,11.6,188,1,1,38,0.0,1014.4
2026-07-01T13:28:04.666678+00:00,Zanzibar,zanzibar,26.7,21.1,151,1,1,67,0.1,1017.5
2026-07-01T14:21:55.962021+00:00,Dar es Salaam,dar_es_salaam,26.4,14.6,154,0,1,53,0.0,1016.6
2026-07-01T14:21:56.460496+00:00,Dodoma,dodoma,25.0,15.9,105,0,1,34,0.0,1016.5
2026-07-01T14:21:56.913127+00:00,Arusha,arusha,20.7,9.9,63,2,1,61,0.0,1018.6
2026-07-01T14:21:57.379294+00:00,Mwanza,mwanza,28.2,15.7,186,1,1,36,0.0,1013.3
2026-07-01T14:21:57.874835+00:00,Zanzibar,zanzibar,26.0,21.5,145,0,1,66,0.0,1016.8
2026-07-01T15:25:34.036187+00:00,Dar es Salaam,dar_es_salaam,25.0,12.6,154,0,1,53,0.0,1015.9
2026-07-01T15:25:34.448163+00:00,Dodoma,dodoma,23.3,18.7,98,0,1,32,0.0,1015.5
2026-07-01T15:25:34.845706+00:00,Arusha,arusha,19.8,11.9,60,1,1,61,0.0,1017.6
2026-07-01T15:25:35.263122+00:00,Mwanza,mwanza,27.0,17.0,193,0,1,36,0.1,1012.2
2026-07-01T15:25:35.675847+00:00,Zanzibar,zanzibar,25.0,19.3,143,0,1,61,0.0,1016.0
2026-07-01T16:18:31.787391+00:00,Dar es Salaam,dar_es_salaam,23.9,9.7,156,0,0,54,0.0,1015.7
2026-07-01T16:18:32.398611+00:00,Dodoma,dodoma,21.1,21.1,102,0,0,33,0.0,1014.9
2026-07-01T16:18:33.125935+00:00,Arusha,arusha,18.8,14.3,72,0,0,58,0.0,1016.6
2026-07-01T16:18:33.771038+00:00,Mwanza,mwanza,25.2,14.0,189,0,0,34,0.1,1011.1
2026-07-01T16:18:34.427597+00:00,Zanzibar,zanzibar,24.3,16.3,144,0,0,63,0.0,1015.7
2026-07-01T17:16:17.599051+00:00,Dar es Salaam,dar_es_salaam,23.1,9.4,172,0,0,59,0.0,1015.9
2026-07-01T17:16:18.046428+00:00,Dodoma,dodoma,19.5,23.9,99,0,0,35,0.0,1014.6
2026-07-01T17:16:18.456410+00:00,Arusha,arusha,18.6,13.7,80,0,0,59,0.0,1016.1
2026-07-01T17:16:18.862496+00:00,Mwanza,mwanza,24.5,12.8,178,0,0,33,0.0,1010.5
2026-07-01T17:16:19.263202+00:00,Zanzibar,zanzibar,24.0,14.1,150,0,0,66,0.0,1015.7
2026-07-01T18:11:25.949360+00:00,Dar es Salaam,dar_es_salaam,22.6,9.6,177,0,0,66,0.0,1016.3
2026-07-01T18:11:26.614305+00:00,Dodoma,dodoma,18.4,24.5,98,0,0,40,0.0,1015.0
2026-07-01T18:11:27.233330+00:00,Arusha,arusha,18.4,14.6,81,0,0,61,0.0,1015.9
2026-07-01T18:11:28.077086+00:00,Mwanza,mwanza,24.0,12.7,173,0,0,37,0.0,1010.6
2026-07-01T18:11:28.726021+00:00,Zanzibar,zanzibar,23.6,13.0,149,0,0,70,0.0,1016.0
2026-07-01T18:57:11.071803+00:00,Dar es Salaam,dar_es_salaam,22.4,9.5,179,0,0,66,0.0,1016.3
2026-07-01T18:57:11.705446+00:00,Dodoma,dodoma,17.8,24.8,99,0,0,40,0.0,1015.0
2026-07-01T18:57:12.457589+00:00,Arusha,arusha,18.1,15.9,84,0,0,61,0.0,1015.9
2026-07-01T18:57:13.082032+00:00,Mwanza,mwanza,23.5,12.4,167,0,0,37,0.0,1010.6
2026-07-01T18:57:13.690307+00:00,Zanzibar,zanzibar,23.4,13.3,148,0,0,70,0.0,1016.0
2026-07-01T19:37:40.541967+00:00,Dar es Salaam,dar_es_salaam,22.2,9.0,181,0,0,73,0.0,1016.3
2026-07-01T19:37:40.984023+00:00,Dodoma,dodoma,17.4,23.5,99,0,0,46,0.0,1015.8
2026-07-01T19:37:41.405969+00:00,Arusha,arusha,17.4,16.3,82,0,0,62,0.0,1015.8
2026-07-01T19:37:41.815527+00:00,Mwanza,mwanza,23.2,11.8,167,0,0,45,0.0,1011.0
2026-07-01T19:37:42.229433+00:00,Zanzibar,zanzibar,23.3,13.4,145,0,0,72,0.0,1016.1
2026-07-01T20:24:25.610147+00:00,Dar es Salaam,dar_es_salaam,21.9,8.6,182,0,0,77,0.0,1016.3
2026-07-01T20:24:26.027819+00:00,Dodoma,dodoma,17.0,21.9,100,0,0,53,0.0,1016.6
2026-07-01T20:24:26.440483+00:00,Arusha,arusha,16.7,15.1,82,0,0,62,0.0,1016.0
2026-07-01T20:24:26.851369+00:00,Mwanza,mwanza,22.8,11.6,175,0,0,46,0.0,1011.3
2026-07-01T20:24:27.455483+00:00,Zanzibar,zanzibar,23.1,13.1,142,0,0,74,0.0,1016.1
2026-07-01T21:02:39.536545+00:00,Dar es Salaam,dar_es_salaam,21.7,8.5,184,0,0,82,0.0,1017.1
2026-07-01T21:02:40.102173+00:00,Dodoma,dodoma,16.9,21.0,102,0,0,67,0.0,1018.9
2026-07-01T21:02:40.667112+00:00,Arusha,arusha,16.3,12.2,82,0,0,68,0.0,1019.4
2026-07-01T21:02:41.233811+00:00,Mwanza,mwanza,22.3,12.6,169,0,0,49,0.0,1014.4
2026-07-01T21:02:41.787946+00:00,Zanzibar,zanzibar,22.9,11.6,144,0,0,76,0.0,1016.8
2026-07-01T21:46:51.694671+00:00,Dar es Salaam,dar_es_salaam,21.5,8.7,193,0,0,82,0.0,1017.1
2026-07-01T21:46:52.076026+00:00,Dodoma,dodoma,16.6,20.3,103,0,0,67,0.0,1018.9
2026-07-01T21:46:52.515340+00:00,Arusha,arusha,15.4,8.9,81,0,0,68,0.0,1019.4
2026-07-01T21:46:52.912143+00:00,Mwanza,mwanza,21.7,13.3,159,0,0,49,0.0,1014.4
2026-07-01T21:46:53.339553+00:00,Zanzibar,zanzibar,22.7,10.4,143,0,0,76,0.0,1016.8
2026-07-01T22:30:12.327356+00:00,Dar es Salaam,dar_es_salaam,21.2,8.7,198,0,0,82,0.0,1017.1
2026-07-01T22:30:13.015623+00:00,Dodoma,dodoma,16.3,19.1,99,0,0,67,0.0,1018.9
2026-07-01T22:30:13.633547+00:00,Arusha,arusha,14.8,8.7,84,0,0,68,0.0,1019.4
2026-07-01T22:30:14.235047+00:00,Mwanza,mwanza,21.1,14.6,150,0,0,49,0.0,1014.4
2026-07-01T22:30:14.775271+00:00,Zanzibar,zanzibar,22.5,9.0,142,1,0,76,0.0,1016.8
2026-07-01T22:57:23.424397+00:00,Dar es Salaam,dar_es_salaam,21.2,8.8,199,0,0,82,0.0,1017.1
2026-07-01T22:57:24.034207+00:00,Dodoma,dodoma,16.2,18.7,97,0,0,67,0.0,1018.9
2026-07-01T22:57:24.685698+00:00,Arusha,arusha,14.7,9.2,87,0,0,68,0.0,1019.4
2026-07-01T22:57:25.231223+00:00,Mwanza,mwanza,20.9,14.9,146,0,0,49,0.0,1014.4
2026-07-01T22:57:25.851582+00:00,Zanzibar,zanzibar,22.4,8.2,140,2,0,76,0.0,1016.8
2026-07-01T23:36:47.201547+00:00,Dar es Salaam,dar_es_salaam,20.9,8.7,198,1,0,82,0.0,1017.1
2026-07-01T23:36:47.593748+00:00,Dodoma,dodoma,16.0,17.3,92,0,0,67,0.0,1018.9
2026-07-01T23:36:48.079742+00:00,Arusha,arusha,14.3,10.5,86,1,0,68,0.0,1019.4
2026-07-01T23:36:48.490020+00:00,Mwanza,mwanza,20.4,15.3,139,0,0,49,0.0,1014.4
2026-07-01T23:36:48.897324+00:00,Zanzibar,zanzibar,22.1,6.8,148,3,0,76,0.0,1016.8
2026-07-02T00:08:44.313570+00:00,Dar es Salaam,dar_es_salaam,20.8,8.7,197,3,0,82,0.0,1017.1
2026-07-02T00:08:44.715855+00:00,Dodoma,dodoma,15.8,16.6,89,0,0,67,0.0,1018.9
2026-07-02T00:08:45.116063+00:00,Arusha,arusha,14.1,11.1,83,2,0,68,0.0,1019.4
2026-07-02T00:08:45.529218+00:00,Mwanza,mwanza,20.2,15.1,135,0,0,49,0.0,1014.4
2026-07-02T00:08:45.937727+00:00,Zanzibar,zanzibar,21.9,6.2,159,3,0,76,0.0,1016.8
2026-07-02T01:18:14.115006+00:00,Dar es Salaam,dar_es_salaam,20.4,8.4,208,3,0,82,0.0,1016.4
2026-07-02T01:18:14.530005+00:00,Dodoma,dodoma,15.1,15.1,87,1,0,71,0.0,1018.4
2026-07-02T01:18:14.963289+00:00,Arusha,arusha,13.2,9.4,77,3,0,75,0.0,1019.1
2026-07-02T01:18:15.352208+00:00,Mwanza,mwanza,19.6,13.9,140,3,0,56,0.0,1014.7
2026-07-02T01:18:15.765074+00:00,Zanzibar,zanzibar,21.7,5.3,188,3,0,78,0.0,1016.2
2026-07-02T02:20:47.961593+00:00,Dar es Salaam,dar_es_salaam,19.9,9.0,232,3,0,83,0.0,1015.9
2026-07-02T02:20:48.656568+00:00,Dodoma,dodoma,14.6,14.0,83,3,0,73,0.0,1018.0
2026-07-02T02:20:49.339505+00:00,Arusha,arusha,13.0,7.8,68,3,0,78,0.0,1018.6
2026-07-02T02:20:49.971786+00:00,Mwanza,mwanza,19.2,13.4,154,3,0,53,0.0,1014.3
2026-07-02T02:20:50.610428+00:00,Zanzibar,zanzibar,21.7,7.3,218,3,0,80,0.0,1015.8
2026-07-02T06:22:08.848049+00:00,Dar es Salaam,dar_es_salaam,24.8,8.2,199,3,1,89,0.0,1017.0
2026-07-02T06:22:09.360892+00:00,Dodoma,dodoma,18.6,17.7,93,3,1,83,0.0,1019.0
2026-07-02T06:22:10.063431+00:00,Arusha,arusha,15.8,8.8,116,3,1,94,0.0,1019.7
2026-07-02T06:22:10.642964+00:00,Mwanza,mwanza,21.7,11.5,166,3,1,59,0.0,1015.3
2026-07-02T06:22:11.113266+00:00,Zanzibar,zanzibar,24.6,14.6,214,3,1,89,0.0,1016.9
2026-07-02T09:42:29.073954+00:00,Dar es Salaam,dar_es_salaam,28.5,8.9,135,3,1,77,0.0,1019.3
2026-07-02T09:42:29.460900+00:00,Dodoma,dodoma,25.3,14.0,102,1,1,70,0.0,1021.1
2026-07-02T09:42:29.848329+00:00,Arusha,arusha,19.6,7.6,133,3,1,81,0.0,1022.2
2026-07-02T09:42:30.330831+00:00,Mwanza,mwanza,26.8,9.0,179,3,1,56,0.0,1018.0
2026-07-02T09:42:30.758359+00:00,Zanzibar,zanzibar,27.0,13.0,184,3,1,81,0.0,1019.3
2026-07-02T11:57:00.420621+00:00,Dar es Salaam,dar_es_salaam,28.5,12.0,123,2,1,60,0.0,1019.8
2026-07-02T11:57:00.822580+00:00,Dodoma,dodoma,27.0,11.7,113,1,1,47,0.0,1020.7
2026-07-02T11:57:01.230578+00:00,Arusha,arusha,21.9,9.1,104,2,1,71,0.0,1022.5
2026-07-02T11:57:01.793685+00:00,Mwanza,mwanza,27.1,4.0,265,2,1,46,0.0,1018.1
2026-07-02T11:57:02.189125+00:00,Zanzibar,zanzibar,27.4,15.1,158,3,1,72,0.1,1019.9
2026-07-02T14:02:21.049484+00:00,Dar es Salaam,dar_es_salaam,27.2,13.4,143,0,1,50,0.0,1017.6
2026-07-02T14:02:21.748105+00:00,Dodoma,dodoma,26.0,10.9,99,0,1,33,0.0,1017.1
2026-07-02T14:02:22.509862+00:00,Arusha,arusha,22.1,5.7,58,3,1,61,0.0,1019.2
2026-07-02T14:02:23.081124+00:00,Mwanza,mwanza,27.0,18.5,190,3,1,37,0.0,1015.3
2026-07-02T14:02:23.795828+00:00,Zanzibar,zanzibar,26.4,15.7,143,0,1,64,0.0,1017.9
2026-07-02T16:16:25.944311+00:00,Dar es Salaam,dar_es_salaam,23.7,10.2,163,0,0,51,0.0,1015.9
2026-07-02T16:16:26.705384+00:00,Dodoma,dodoma,21.3,22.1,108,0,0,33,0.0,1015.0
2026-07-02T16:16:27.485682+00:00,Arusha,arusha,18.2,10.9,77,3,0,53,0.0,1016.3
2026-07-02T16:16:28.250822+00:00,Mwanza,mwanza,24.3,12.3,191,3,0,36,0.0,1012.8
2026-07-02T16:16:29.012891+00:00,Zanzibar,zanzibar,23.5,12.3,128,1,0,61,0.0,1016.0
2026-07-02T18:12:22.069216+00:00,Dar es Salaam,dar_es_salaam,22.6,9.4,180,1,0,65,0.0,1016.3
2026-07-02T18:12:22.828662+00:00,Dodoma,dodoma,19.2,23.1,99,0,0,37,0.0,1015.1
2026-07-02T18:12:23.610312+00:00,Arusha,arusha,18.7,13.7,85,3,0,60,0.0,1016.3
2026-07-02T18:12:24.368450+00:00,Mwanza,mwanza,22.6,6.1,175,3,0,37,0.0,1012.6
2026-07-02T18:12:24.994463+00:00,Zanzibar,zanzibar,23.1,13.0,137,0,0,72,0.0,1016.2
2026-07-02T19:52:46.365558+00:00,Dar es Salaam,dar_es_salaam,22.0,9.0,181,0,0,75,0.0,1016.5
2026-07-02T19:52:46.924028+00:00,Dodoma,dodoma,17.4,23.8,98,2,0,49,0.0,1016.2
2026-07-02T19:52:47.503433+00:00,Arusha,arusha,17.2,13.9,93,3,0,62,0.0,1016.6
2026-07-02T19:52:48.083683+00:00,Mwanza,mwanza,21.6,8.0,166,3,0,44,0.0,1012.8
2026-07-02T19:52:48.655243+00:00,Zanzibar,zanzibar,22.8,10.8,143,0,0,78,0.0,1016.3
2026-07-02T21:01:05.947340+00:00,Dar es Salaam,dar_es_salaam,21.5,8.5,192,0,0,88,0.0,1017.7
2026-07-02T21:01:06.403441+00:00,Dodoma,dodoma,16.8,23.1,98,3,0,74,0.0,1019.7
2026-07-02T21:01:06.832604+00:00,Arusha,arusha,15.8,8.6,90,3,0,69,0.0,1020.2
2026-07-02T21:01:07.237063+00:00,Mwanza,mwanza,21.0,7.1,170,3,0,56,0.0,1015.8
2026-07-02T21:01:07.642162+00:00,Zanzibar,zanzibar,22.5,9.7,135,2,0,86,0.0,1017.7
2026-07-02T22:18:39.451405+00:00,Dar es Salaam,dar_es_salaam,21.3,8.3,207,1,0,86,0.0,1017.7
2026-07-02T22:18:40.131734+00:00,Dodoma,dodoma,16.6,20.7,98,3,0,74,0.0,1019.7
2026-07-02T22:18:40.774749+00:00,Arusha,arusha,15.0,7.5,79,3,0,69,0.0,1020.2
2026-07-02T22:18:41.529431+00:00,Mwanza,mwanza,20.3,5.3,162,3,0,56,0.0,1015.8
2026-07-02T22:18:42.218929+00:00,Zanzibar,zanzibar,22.2,6.9,135,3,0,86,0.0,1017.7
2026-07-02T23:35:47.623755+00:00,Dar es Salaam,dar_es_salaam,21.1,9.3,205,2,0,86,0.0,1017.7
2026-07-02T23:35:48.261359+00:00,Dodoma,dodoma,16.4,19.7,96,3,0,74,0.0,1019.7
2026-07-02T23:35:49.072068+00:00,Arusha,arusha,14.4,8.0,70,3,0,69,0.0,1020.2
2026-07-02T23:35:49.942120+00:00,Mwanza,mwanza,20.0,5.4,160,3,0,56,0.0,1015.8
2026-07-02T23:35:50.590166+00:00,Zanzibar,zanzibar,22.2,7.0,148,3,0,86,0.0,1017.7
2026-07-03T01:16:40.126400+00:00,Dar es Salaam,dar_es_salaam,20.7,8.9,199,2,0,88,0.0,1017.7
2026-07-03T01:16:40.908210+00:00,Dodoma,dodoma,15.6,18.2,91,2,0,73,0.0,1019.3
2026-07-03T01:16:41.670349+00:00,Arusha,arusha,13.6,7.2,84,3,0,75,0.0,1020.1
2026-07-03T01:16:42.448202+00:00,Mwanza,mwanza,19.5,11.3,155,3,0,56,0.0,1015.3
2026-07-03T01:16:43.056029+00:00,Zanzibar,zanzibar,21.8,5.1,176,2,0,85,0.0,1017.5
2026-07-03T08:28:28.584229+00:00,Dar es Salaam,dar_es_salaam,27.1,11.5,135,51,1,87,0.0,1019.0
2026-07-03T08:28:29.112366+00:00,Dodoma,dodoma,24.0,12.8,105,1,1,78,0.0,1020.6
2026-07-03T08:28:29.670910+00:00,Arusha,arusha,20.2,10.9,124,2,1,80,0.0,1021.5
2026-07-03T08:28:30.520253+00:00,Mwanza,mwanza,27.1,9.2,138,0,1,56,0.0,1016.8
2026-07-03T08:28:31.348423+00:00,Zanzibar,zanzibar,26.0,9.6,183,51,1,86,0.1,1019.0
2026-07-03T11:11:34.529300+00:00,Dar es Salaam,dar_es_salaam,28.1,15.1,139,0,1,66,0.2,1019.9
2026-07-03T11:11:35.034580+00:00,Dodoma,dodoma,27.6,10.9,117,2,1,46,0.0,1020.6
2026-07-03T11:11:35.525378+00:00,Arusha,arusha,23.4,11.0,118,0,1,68,0.0,1022.0
2026-07-03T11:11:35.991212+00:00,Mwanza,mwanza,28.7,8.7,248,1,1,38,0.0,1017.6
2026-07-03T11:11:36.434991+00:00,Zanzibar,zanzibar,27.1,17.7,161,51,1,75,0.1,1020.0
2026-07-03T13:11:07.623416+00:00,Dar es Salaam,dar_es_salaam,27.0,16.2,137,0,1,61,0.1,1018.3
2026-07-03T13:11:08.391490+00:00,Dodoma,dodoma,27.6,11.0,101,1,1,36,0.0,1017.8
2026-07-03T13:11:09.216584+00:00,Arusha,arusha,23.5,10.9,124,0,1,59,0.0,1019.6
2026-07-03T13:11:09.983589+00:00,Mwanza,mwanza,28.5,5.4,272,3,1,33,0.0,1015.4
2026-07-03T13:11:10.590224+00:00,Zanzibar,zanzibar,26.7,17.9,144,1,1,72,0.3,1018.5
2026-07-03T15:25:26.702880+00:00,Dar es Salaam,dar_es_salaam,25.2,12.6,152,1,1,59,0.0,1016.9
2026-07-03T15:25:27.322329+00:00,Dodoma,dodoma,23.9,20.6,104,0,1,32,0.0,1015.4
2026-07-03T15:25:28.086212+00:00,Arusha,arusha,20.5,8.3,92,0,1,52,0.0,1016.9
2026-07-03T15:25:28.878952+00:00,Mwanza,mwanza,26.7,8.8,235,3,1,34,0.0,1013.4
2026-07-03T15:25:29.487188+00:00,Zanzibar,zanzibar,24.7,14.7,141,1,1,67,0.2,1017.0
2026-07-03T16:53:15.981319+00:00,Dar es Salaam,dar_es_salaam,23.8,9.6,174,0,0,60,0.0,1016.4
2026-07-03T16:53:16.659447+00:00,Dodoma,dodoma,20.4,24.9,105,0,0,33,0.0,1014.5
2026-07-03T16:53:17.298556+00:00,Arusha,arusha,18.9,10.7,70,0,0,52,0.0,1016.0
2026-07-03T16:53:18.028201+00:00,Mwanza,mwanza,24.8,7.7,239,2,0,33,0.0,1012.3
2026-07-03T16:53:18.484715+00:00,Zanzibar,zanzibar,24.1,13.7,141,3,0,67,0.0,1016.4
2026-07-03T18:10:40.806992+00:00,Dar es Salaam,dar_es_salaam,23.3,11.7,163,0,0,69,0.0,1016.8
2026-07-03T18:10:41.257928+00:00,Dodoma,dodoma,18.6,25.8,104,0,0,43,0.0,1015.5
2026-07-03T18:10:41.670267+00:00,Arusha,arusha,18.8,14.0,103,3,0,62,0.0,1016.6
2026-07-03T18:10:42.074670+00:00,Mwanza,mwanza,23.5,8.8,259,2,0,41,0.0,1012.0
2026-07-03T18:10:42.473908+00:00,Zanzibar,zanzibar,24.1,13.4,140,2,0,76,0.0,1016.7
2026-07-03T19:49:02.762157+00:00,Dar es Salaam,dar_es_salaam,22.6,9.6,177,0,0,75,0.0,1017.1
2026-07-03T19:49:03.171654+00:00,Dodoma,dodoma,17.3,25.1,93,0,0,54,0.0,1016.6
2026-07-03T19:49:03.671401+00:00,Arusha,arusha,17.1,19.1,81,3,0,72,0.0,1016.6
2026-07-03T19:49:04.071380+00:00,Mwanza,mwanza,22.3,6.0,231,3,0,55,0.0,1012.2
2026-07-03T19:49:04.471936+00:00,Zanzibar,zanzibar,23.3,12.1,132,0,0,79,0.0,1017.0
2026-07-03T21:01:09.397693+00:00,Dar es Salaam,dar_es_salaam,21.8,7.2,198,0,0,87,0.0,1018.8
2026-07-03T21:01:09.793738+00:00,Dodoma,dodoma,16.9,23.0,95,0,0,75,0.0,1019.9
2026-07-03T21:01:10.201138+00:00,Arusha,arusha,15.7,14.8,88,3,0,84,0.0,1020.9
2026-07-03T21:01:10.611669+00:00,Mwanza,mwanza,22.8,11.4,176,3,0,55,0.0,1014.6
2026-07-03T21:01:10.990125+00:00,Zanzibar,zanzibar,23.2,11.6,144,0,0,84,0.0,1018.5
2026-07-03T22:15:36.412412+00:00,Dar es Salaam,dar_es_salaam,21.4,7.8,199,0,0,87,0.0,1018.8
2026-07-03T22:15:36.973828+00:00,Dodoma,dodoma,16.2,22.0,93,0,0,75,0.0,1019.9
2026-07-03T22:15:37.440791+00:00,Arusha,arusha,15.0,12.0,83,3,0,84,0.0,1020.9
2026-07-03T22:15:37.888756+00:00,Mwanza,mwanza,22.3,12.0,166,3,0,55,0.0,1014.6
2026-07-03T22:15:38.322215+00:00,Zanzibar,zanzibar,22.8,9.8,140,0,0,84,0.0,1018.5
2026-07-04T05:06:36.088057+00:00,Dar es Salaam,dar_es_salaam,22.5,9.1,207,0,1,92,0.0,1017.8
2026-07-04T05:06:36.609526+00:00,Dodoma,dodoma,16.0,20.7,91,3,1,91,0.0,1019.5
2026-07-04T05:06:37.255124+00:00,Arusha,arusha,15.7,9.7,88,3,1,100,0.0,1020.7
2026-07-04T05:06:38.022247+00:00,Mwanza,mwanza,20.1,15.5,151,3,1,52,0.0,1015.3
2026-07-04T05:06:38.547513+00:00,Zanzibar,zanzibar,23.6,14.0,209,3,1,88,0.1,1017.7
2026-07-04T08:04:46.460016+00:00,Dar es Salaam,dar_es_salaam,27.0,14.2,154,3,1,87,0.0,1019.6
2026-07-04T08:04:46.865421+00:00,Dodoma,dodoma,22.0,18.0,97,0,1,86,0.0,1021.4
2026-07-04T08:04:47.268792+00:00,Arusha,arusha,18.0,12.2,106,3,1,90,0.0,1021.9
2026-07-04T08:04:47.678583+00:00,Mwanza,mwanza,27.1,9.3,152,3,1,59,0.0,1016.8
2026-07-04T08:04:48.080869+00:00,Zanzibar,zanzibar,26.2,17.5,178,51,1,87,0.0,1019.5
2026-07-04T10:24:51.014427+00:00,Dar es Salaam,dar_es_salaam,28.0,15.8,146,1,1,70,0.1,1020.3
2026-07-04T10:24:51.426091+00:00,Dodoma,dodoma,25.7,14.5,107,0,1,59,0.0,1021.6
2026-07-04T10:24:51.830664+00:00,Arusha,arusha,18.9,12.6,117,3,1,82,0.0,1022.5
2026-07-04T10:24:52.250513+00:00,Mwanza,mwanza,28.3,8.8,293,3,1,47,0.0,1016.8
2026-07-04T10:24:52.656111+00:00,Zanzibar,zanzibar,26.9,20.3,163,2,1,82,0.1,1020.3
2026-07-04T11:50:30.366394+00:00,Dar es Salaam,dar_es_salaam,28.1,15.9,147,1,1,65,0.2,1020.1
2026-07-04T11:50:31.187274+00:00,Dodoma,dodoma,26.4,15.0,111,0,1,49,0.0,1020.8
2026-07-04T11:50:31.964903+00:00,Arusha,arusha,20.2,12.0,108,3,1,77,0.0,1022.3
2026-07-04T11:50:32.812814+00:00,Mwanza,mwanza,26.6,12.0,338,3,1,40,0.0,1016.5
2026-07-04T11:50:33.595016+00:00,Zanzibar,zanzibar,26.7,20.7,159,1,1,77,0.3,1020.1
2026-07-04T13:16:38.466160+00:00,Dar es Salaam,dar_es_salaam,27.2,16.0,150,0,1,57,0.1,1018.6
2026-07-04T13:16:39.185535+00:00,Dodoma,dodoma,26.5,14.8,106,2,1,39,0.0,1018.4
2026-07-04T13:16:39.998707+00:00,Arusha,arusha,21.0,12.2,91,3,1,75,0.0,1021.2
2026-07-04T13:16:40.701006+00:00,Mwanza,mwanza,27.1,10.8,336,3,1,37,0.0,1014.4
2026-07-04T13:16:41.390259+00:00,Zanzibar,zanzibar,26.3,21.6,147,1,1,68,0.2,1018.6
2026-07-04T14:48:58.023215+00:00,Dar es Salaam,dar_es_salaam,25.7,12.4,150,0,1,57,0.1,1017.8
2026-07-04T14:48:58.634141+00:00,Dodoma,dodoma,24.8,18.6,110,1,1,38,0.0,1017.4
2026-07-04T14:48:59.413461+00:00,Arusha,arusha,18.8,12.2,63,2,1,71,0.0,1020.1
2026-07-04T14:49:00.097723+00:00,Mwanza,mwanza,25.6,10.2,332,3,1,49,0.0,1013.9
2026-07-04T14:49:00.862098+00:00,Zanzibar,zanzibar,25.0,17.2,142,1,1,68,0.1,1017.9
2026-07-04T15:58:41.947784+00:00,Dar es Salaam,dar_es_salaam,24.6,10.8,152,0,0,57,0.0,1017.0
2026-07-04T15:58:42.738735+00:00,Dodoma,dodoma,22.1,23.0,109,1,0,36,0.0,1016.3
2026-07-04T15:58:43.524771+00:00,Arusha,arusha,17.8,12.3,52,1,0,67,0.0,1018.7
2026-07-04T15:58:44.285667+00:00,Mwanza,mwanza,24.3,9.7,320,3,1,53,0.0,1012.9
2026-07-04T15:58:45.053464+00:00,Zanzibar,zanzibar,24.2,15.3,138,1,0,67,0.0,1017.1
2026-07-04T17:13:05.071805+00:00,Dar es Salaam,dar_es_salaam,23.7,8.6,170,0,0,60,0.0,1016.7
2026-07-04T17:13:05.456396+00:00,Dodoma,dodoma,19.5,25.0,108,0,0,38,0.0,1015.0
2026-07-04T17:13:05.947684+00:00,Arusha,arusha,17.9,14.1,75,1,0,69,0.0,1017.6
2026-07-04T17:13:06.340776+00:00,Mwanza,mwanza,23.6,5.9,310,3,0,53,0.0,1011.6
2026-07-04T17:13:06.762398+00:00,Zanzibar,zanzibar,23.9,13.9,144,1,0,70,0.0,1016.7
2026-07-04T18:13:53.693978+00:00,Dar es Salaam,dar_es_salaam,23.1,8.6,165,0,0,67,0.0,1016.9
2026-07-04T18:13:54.102985+00:00,Dodoma,dodoma,18.3,25.6,101,0,0,42,0.0,1015.2
2026-07-04T18:13:54.551625+00:00,Arusha,arusha,17.5,12.3,87,1,0,71,0.0,1017.6
2026-07-04T18:13:54.958075+00:00,Mwanza,mwanza,23.2,6.7,284,3,0,57,0.0,1011.3
2026-07-04T18:13:55.373473+00:00,Zanzibar,zanzibar,23.6,13.3,139,0,0,76,0.0,1016.7
2026-07-04T19:39:24.474743+00:00,Dar es Salaam,dar_es_salaam,22.6,9.6,176,0,0,74,0.0,1016.9
2026-07-04T19:39:24.971882+00:00,Dodoma,dodoma,17.5,23.8,98,0,0,54,0.0,1016.2
2026-07-04T19:39:25.454844+00:00,Arusha,arusha,16.8,13.0,95,1,0,72,0.0,1017.4
2026-07-04T19:39:25.938459+00:00,Mwanza,mwanza,22.6,5.5,257,3,0,69,0.0,1011.4
2026-07-04T19:39:26.409948+00:00,Zanzibar,zanzibar,23.2,13.4,132,0,0,78,0.0,1016.7
2026-07-04T20:35:00.773702+00:00,Dar es Salaam,dar_es_salaam,22.1,9.9,177,0,0,76,0.0,1017.7
2026-07-04T20:35:01.339744+00:00,Dodoma,dodoma,17.0,22.8,96,0,0,64,0.0,1017.7
2026-07-04T20:35:01.915785+00:00,Arusha,arusha,15.9,13.5,92,1,0,72,0.0,1018.4
2026-07-04T20:35:02.758952+00:00,Mwanza,mwanza,22.0,5.2,202,3,0,70,0.0,1012.8
2026-07-04T20:35:03.322315+00:00,Zanzibar,zanzibar,23.1,13.1,134,0,0,78,0.0,1017.4
2026-07-04T21:39:55.345329+00:00,Dar es Salaam,dar_es_salaam,21.8,8.9,198,0,0,80,0.0,1018.0
2026-07-04T21:39:56.128778+00:00,Dodoma,dodoma,16.8,20.9,98,0,0,74,0.0,1019.3
2026-07-04T21:39:56.662692+00:00,Arusha,arusha,15.4,11.3,88,1,0,80,0.0,1020.0
2026-07-04T21:39:57.357683+00:00,Mwanza,mwanza,22.1,8.8,178,3,0,79,0.0,1014.4
2026-07-04T21:39:58.047325+00:00,Zanzibar,zanzibar,22.9,11.3,134,1,0,79,0.0,1017.8
2026-07-04T22:39:11.699083+00:00,Dar es Salaam,dar_es_salaam,21.4,8.9,205,0,0,80,0.0,1018.0
2026-07-04T22:39:12.489228+00:00,Dodoma,dodoma,16.5,19.8,97,0,0,74,0.0,1019.3
2026-07-04T22:39:13.266347+00:00,Arusha,arusha,15.1,11.9,93,2,0,80,0.0,1020.0
2026-07-04T22:39:14.050836+00:00,Mwanza,mwanza,22.3,14.7,161,3,0,79,0.0,1014.4
2026-07-04T22:39:14.669370+00:00,Zanzibar,zanzibar,22.7,10.7,136,1,0,79,0.0,1017.8
2026-07-04T23:43:08.303267+00:00,Dar es Salaam,dar_es_salaam,21.1,9.6,208,1,0,80,0.0,1018.0
2026-07-04T23:43:08.822584+00:00,Dodoma,dodoma,16.1,19.4,96,0,0,74,0.0,1019.3
2026-07-04T23:43:09.237071+00:00,Arusha,arusha,14.7,11.0,95,3,0,80,0.0,1020.0
2026-07-04T23:43:09.634270+00:00,Mwanza,mwanza,21.8,18.0,149,3,0,79,0.0,1014.4
2026-07-04T23:43:10.044646+00:00,Zanzibar,zanzibar,22.8,10.9,144,2,0,79,0.0,1017.8
2026-07-05T01:25:36.033306+00:00,Dar es Salaam,dar_es_salaam,20.7,10.2,206,1,0,80,0.0,1017.8
2026-07-05T01:25:36.476646+00:00,Dodoma,dodoma,15.7,20.3,97,0,0,76,0.0,1018.9
2026-07-05T01:25:36.963465+00:00,Arusha,arusha,14.7,9.6,95,3,0,81,0.0,1019.9
2026-07-05T01:25:37.479147+00:00,Mwanza,mwanza,20.7,16.7,146,3,0,50,0.0,1014.0
2026-07-05T01:25:37.971555+00:00,Zanzibar,zanzibar,22.6,8.5,180,0,0,79,0.0,1017.4
2026-07-05T05:35:39.906409+00:00,Dar es Salaam,dar_es_salaam,23.3,10.6,219,0,1,83,0.0,1017.4
2026-07-05T05:35:40.644522+00:00,Dodoma,dodoma,16.7,22.5,93,0,1,86,0.0,1019.1
2026-07-05T05:35:41.630678+00:00,Arusha,arusha,15.4,11.2,91,51,1,93,0.0,1020.1
2026-07-05T05:35:42.395345+00:00,Mwanza,mwanza,20.7,16.4,156,3,1,61,0.0,1014.9
2026-07-05T05:35:42.939619+00:00,Zanzibar,zanzibar,24.0,15.5,219,2,1,85,0.0,1017.4
2026-07-05T08:30:59.261126+00:00,Dar es Salaam,dar_es_salaam,27.5,17.2,166,3,1,81,0.0,1019.2
2026-07-05T08:31:00.033311+00:00,Dodoma,dodoma,23.3,16.4,102,3,1,80,0.0,1021.1
2026-07-05T08:31:00.653515+00:00,Arusha,arusha,16.4,14.5,102,3,1,92,0.1,1021.6
2026-07-05T08:31:01.266716+00:00,Mwanza,mwanza,27.3,16.7,152,3,1,64,0.0,1016.4
2026-07-05T08:31:02.026883+00:00,Zanzibar,zanzibar,26.2,18.8,195,3,1,81,0.0,1019.0
2026-07-05T10:51:27.749981+00:00,Dar es Salaam,dar_es_salaam,28.6,18.4,162,3,1,64,0.0,1020.1
2026-07-05T10:51:28.165185+00:00,Dodoma,dodoma,24.4,16.7,101,3,1,57,0.0,1021.6
2026-07-05T10:51:28.607038+00:00,Arusha,arusha,18.0,10.1,96,3,1,89,0.3,1022.6
2026-07-05T10:51:29.021363+00:00,Mwanza,mwanza,28.7,16.4,176,2,1,52,0.0,1017.0
2026-07-05T10:51:29.444313+00:00,Zanzibar,zanzibar,27.5,19.2,167,3,1,73,0.0,1020.2
2026-07-05T12:13:04.018097+00:00,Dar es Salaam,dar_es_salaam,28.2,18.1,160,3,1,52,0.0,1019.4
2026-07-05T12:13:04.625406+00:00,Dodoma,dodoma,25.4,16.0,102,3,1,45,0.0,1020.2
2026-07-05T12:13:05.264934+00:00,Arusha,arusha,18.5,10.1,96,1,1,82,0.3,1022.3
2026-07-05T12:13:05.739235+00:00,Mwanza,mwanza,29.2,16.0,183,3,1,40,0.0,1015.4
2026-07-05T12:13:06.205946+00:00,Zanzibar,zanzibar,27.2,21.4,160,2,1,65,0.1,1019.6
2026-07-05T14:10:17.055578+00:00,Dar es Salaam,dar_es_salaam,26.7,16.0,163,3,1,49,0.0,1017.9
2026-07-05T14:10:17.861996+00:00,Dodoma,dodoma,24.2,20.3,98,1,1,42,0.0,1017.7
2026-07-05T14:10:18.627305+00:00,Arusha,arusha,19.2,12.7,75,1,1,76,0.0,1020.2
2026-07-05T14:10:19.407663+00:00,Mwanza,mwanza,29.0,17.1,189,2,1,35,0.0,1013.1
2026-07-05T14:10:20.024355+00:00,Zanzibar,zanzibar,26.2,24.0,152,3,1,62,0.0,1018.0
2026-07-05T15:37:46.009988+00:00,Dar es Salaam,dar_es_salaam,24.8,11.6,165,3,0,53,0.0,1017.3
2026-07-05T15:37:46.531942+00:00,Dodoma,dodoma,21.6,23.1,103,3,1,38,0.0,1016.7
2026-07-05T15:37:47.034808+00:00,Arusha,arusha,17.8,11.0,64,3,1,68,0.0,1019.4
2026-07-05T15:37:47.516236+00:00,Mwanza,mwanza,26.8,13.9,211,3,1,35,0.0,1012.3
2026-07-05T15:37:48.095839+00:00,Zanzibar,zanzibar,24.9,18.7,156,3,0,62,0.0,1017.3
2026-07-05T16:43:35.448993+00:00,Dar es Salaam,dar_es_salaam,23.8,11.0,175,3,0,54,0.0,1017.1
2026-07-05T16:43:36.251220+00:00,Dodoma,dodoma,19.8,25.6,104,3,0,39,0.0,1016.2
2026-07-05T16:43:37.057366+00:00,Arusha,arusha,17.3,10.9,63,3,0,68,0.0,1018.6
2026-07-05T16:43:37.705213+00:00,Mwanza,mwanza,25.8,15.1,197,3,0,34,0.0,1011.4
2026-07-05T16:43:38.507033+00:00,Zanzibar,zanzibar,24.5,17.9,162,3,0,65,0.0,1017.0
2026-07-05T17:47:20.992091+00:00,Dar es Salaam,dar_es_salaam,23.1,10.3,187,3,0,57,0.0,1017.4
2026-07-05T17:47:21.880695+00:00,Dodoma,dodoma,18.4,27.7,102,2,0,41,0.0,1016.3
2026-07-05T17:47:22.529372+00:00,Arusha,arusha,17.4,14.8,87,3,0,68,0.0,1018.6
2026-07-05T17:47:23.327206+00:00,Mwanza,mwanza,25.0,15.2,176,3,0,35,0.0,1011.2
2026-07-05T17:47:24.122068+00:00,Zanzibar,zanzibar,24.0,15.1,163,1,0,67,0.0,1017.1
2026-07-05T19:11:48.397216+00:00,Dar es Salaam,dar_es_salaam,22.6,8.7,187,3,0,70,0.0,1017.8
2026-07-05T19:11:49.174671+00:00,Dodoma,dodoma,17.3,26.7,98,3,0,51,0.0,1017.9
2026-07-05T19:11:49.970556+00:00,Arusha,arusha,16.8,16.8,85,3,0,74,0.0,1018.8
2026-07-05T19:11:50.628394+00:00,Mwanza,mwanza,24.1,16.2,153,3,0,46,0.0,1011.7
2026-07-05T19:11:51.429940+00:00,Zanzibar,zanzibar,23.6,14.2,159,1,0,71,0.0,1017.5
2026-07-05T20:31:16.539663+00:00,Dar es Salaam,dar_es_salaam,22.2,8.2,188,2,0,78,0.0,1018.6
2026-07-05T20:31:17.374846+00:00,Dodoma,dodoma,16.9,23.7,95,3,0,58,0.0,1019.2
2026-07-05T20:31:18.163949+00:00,Arusha,arusha,16.3,16.8,81,3,0,72,0.0,1019.8
2026-07-05T20:31:18.963192+00:00,Mwanza,mwanza,23.9,19.8,149,3,0,48,0.0,1013.1
2026-07-05T20:31:19.760636+00:00,Zanzibar,zanzibar,23.4,13.8,153,0,0,73,0.0,1018.3
2026-07-05T21:40:34.726563+00:00,Dar es Salaam,dar_es_salaam,22.1,9.2,191,0,0,88,0.0,1019.0
2026-07-05T21:40:35.244471+00:00,Dodoma,dodoma,16.7,19.3,91,1,0,67,0.0,1020.7
2026-07-05T21:40:35.716296+00:00,Arusha,arusha,15.8,15.4,79,3,0,77,0.0,1021.9
2026-07-05T21:40:36.185177+00:00,Mwanza,mwanza,22.7,19.9,140,3,0,46,0.0,1015.4
2026-07-05T21:40:36.647909+00:00,Zanzibar,zanzibar,23.4,11.8,155,1,0,84,0.0,1018.8
2026-07-05T22:39:38.385115+00:00,Dar es Salaam,dar_es_salaam,22.0,9.8,185,2,0,88,0.0,1019.0
2026-07-05T22:39:39.214925+00:00,Dodoma,dodoma,16.4,18.7,92,1,0,67,0.0,1020.7
2026-07-05T22:39:40.004836+00:00,Arusha,arusha,15.6,15.7,80,3,0,77,0.0,1021.9
2026-07-05T22:39:40.636922+00:00,Mwanza,mwanza,21.8,19.9,127,3,0,46,0.0,1015.4
2026-07-05T22:39:41.462653+00:00,Zanzibar,zanzibar,23.3,11.9,151,3,0,84,0.0,1018.8
2026-07-05T23:44:22.024234+00:00,Dar es Salaam,dar_es_salaam,22.0,9.7,191,3,0,88,0.0,1019.0
2026-07-05T23:44:22.688030+00:00,Dodoma,dodoma,16.0,18.9,89,2,0,67,0.0,1020.7
2026-07-05T23:44:23.403109+00:00,Arusha,arusha,15.3,15.2,79,3,0,77,0.0,1021.9
2026-07-05T23:44:24.225325+00:00,Mwanza,mwanza,21.0,18.6,125,3,0,46,0.0,1015.4
2026-07-05T23:44:25.001036+00:00,Zanzibar,zanzibar,23.3,11.8,157,3,0,84,0.0,1018.8
2026-07-06T01:26:23.119611+00:00,Dar es Salaam,dar_es_salaam,21.8,9.9,201,3,0,89,0.0,1018.6
2026-07-06T01:26:23.517599+00:00,Dodoma,dodoma,15.1,18.8,85,2,0,71,0.0,1020.8
2026-07-06T01:26:23.912033+00:00,Arusha,arusha,14.7,12.1,75,3,0,82,0.0,1021.9
2026-07-06T01:26:24.328734+00:00,Mwanza,mwanza,19.4,17.0,121,3,0,54,0.0,1015.9
2026-07-06T01:26:24.731201+00:00,Zanzibar,zanzibar,23.6,12.4,183,3,0,84,0.0,1018.3
2026-07-06T05:55:51.539424+00:00,Dar es Salaam,dar_es_salaam,23.9,10.5,207,2,1,92,0.0,1018.5
2026-07-06T05:55:52.019517+00:00,Dodoma,dodoma,18.0,20.4,96,3,1,82,0.0,1021.0
2026-07-06T05:55:52.500024+00:00,Arusha,arusha,17.2,13.3,81,3,1,82,0.0,1022.0
2026-07-06T05:55:52.983598+00:00,Mwanza,mwanza,20.1,19.0,145,3,1,64,0.0,1016.5
2026-07-06T05:55:53.491855+00:00,Zanzibar,zanzibar,24.3,18.5,220,0,1,88,0.0,1018.3
2026-07-06T10:15:39.025765+00:00,Dar es Salaam,dar_es_salaam,29.2,15.2,157,51,1,70,0.0,1021.1
2026-07-06T10:15:39.672757+00:00,Dodoma,dodoma,25.6,23.2,104,2,1,53,0.0,1022.6
2026-07-06T10:15:40.303494+00:00,Arusha,arusha,22.9,16.5,106,3,1,61,0.0,1023.7
2026-07-06T10:15:40.930502+00:00,Mwanza,mwanza,28.4,14.8,146,3,1,52,0.0,1019.2
2026-07-06T10:15:41.538671+00:00,Zanzibar,zanzibar,27.7,20.2,175,1,1,79,0.0,1021.1
2026-07-06T14:06:03.148546+00:00,Dar es Salaam,dar_es_salaam,26.7,17.8,160,3,1,54,0.1,1018.8
2026-07-06T14:06:03.566702+00:00,Dodoma,dodoma,25.8,22.4,105,3,1,33,0.0,1018.5
2026-07-06T14:06:03.980598+00:00,Arusha,arusha,22.7,14.1,77,3,1,46,0.0,1019.6
2026-07-06T14:06:04.374522+00:00,Mwanza,mwanza,25.3,17.5,325,3,1,33,0.0,1014.6
2026-07-06T14:06:04.771024+00:00,Zanzibar,zanzibar,26.4,24.3,154,3,1,63,0.0,1018.9
2026-07-06T17:15:35.022030+00:00,Dar es Salaam,dar_es_salaam,24.8,11.3,160,3,0,60,0.0,1018.6
2026-07-06T17:15:35.410844+00:00,Dodoma,dodoma,19.9,25.5,108,3,0,34,0.0,1017.2
2026-07-06T17:15:35.804748+00:00,Arusha,arusha,19.1,15.5,75,3,0,52,0.0,1018.6
2026-07-06T17:15:36.267291+00:00,Mwanza,mwanza,23.9,6.2,202,3,0,39,0.0,1013.2
2026-07-06T17:15:36.658585+00:00,Zanzibar,zanzibar,25.4,19.2,158,3,0,73,0.0,1018.3
2026-07-06T19:14:22.980593+00:00,Dar es Salaam,dar_es_salaam,24.6,10.0,172,3,0,77,0.0,1019.1
2026-07-06T19:14:23.719484+00:00,Dodoma,dodoma,18.4,25.2,102,3,0,49,0.0,1019.1
2026-07-06T19:14:24.346101+00:00,Arusha,arusha,18.5,21.1,83,3,0,57,0.0,1018.9
2026-07-06T19:14:24.980508+00:00,Mwanza,mwanza,24.1,17.9,139,3,0,61,0.0,1013.3
2026-07-06T19:14:25.617087+00:00,Zanzibar,zanzibar,24.7,16.1,148,3,0,78,0.0,1018.8
2026-07-06T21:02:26.600619+00:00,Dar es Salaam,dar_es_salaam,24.3,10.7,166,3,0,82,0.0,1020.8
2026-07-06T21:02:27.188118+00:00,Dodoma,dodoma,17.6,22.1,97,2,0,62,0.0,1022.7
2026-07-06T21:02:27.803857+00:00,Arusha,arusha,16.7,19.8,88,2,0,76,0.0,1023.3
2026-07-06T21:02:28.401167+00:00,Mwanza,mwanza,22.7,14.8,134,2,0,43,0.0,1017.5
2026-07-06T21:02:28.976675+00:00,Zanzibar,zanzibar,24.8,16.7,151,3,0,83,0.0,1020.6
2026-07-06T22:36:38.556008+00:00,Dar es Salaam,dar_es_salaam,24.5,11.7,169,3,0,82,0.0,1020.8
2026-07-06T22:36:39.053356+00:00,Dodoma,dodoma,17.1,20.9,98,3,0,62,0.0,1022.7
2026-07-06T22:36:39.632407+00:00,Arusha,arusha,16.0,16.4,87,1,0,76,0.0,1023.3
2026-07-06T22:36:40.102937+00:00,Mwanza,mwanza,21.3,11.7,142,2,0,43,0.0,1017.5
2026-07-06T22:36:40.538193+00:00,Zanzibar,zanzibar,24.5,15.7,150,3,0,83,0.0,1020.6
2026-07-06T23:44:37.621154+00:00,Dar es Salaam,dar_es_salaam,24.3,10.6,171,3,0,82,0.0,1020.8
2026-07-06T23:44:38.048079+00:00,Dodoma,dodoma,16.9,20.6,99,3,0,62,0.0,1022.7
2026-07-06T23:44:38.502037+00:00,Arusha,arusha,15.7,14.9,88,2,0,76,0.0,1023.3
2026-07-06T23:44:38.945864+00:00,Mwanza,mwanza,20.6,12.2,143,2,0,43,0.0,1017.5
2026-07-06T23:44:39.420551+00:00,Zanzibar,zanzibar,24.5,17.3,150,3,0,83,0.0,1020.6
2026-07-07T01:25:43.526808+00:00,Dar es Salaam,dar_es_salaam,24.1,10.4,181,3,0,76,0.0,1020.2
2026-07-07T01:25:44.144901+00:00,Dodoma,dodoma,16.5,18.9,101,3,0,67,0.0,1022.5
2026-07-07T01:25:44.923729+00:00,Arusha,arusha,15.0,13.0,84,3,0,82,0.0,1023.5
2026-07-07T01:25:45.706790+00:00,Mwanza,mwanza,20.0,15.4,161,2,0,46,0.0,1017.5
2026-07-07T01:25:46.331789+00:00,Zanzibar,zanzibar,24.9,18.4,154,3,0,83,0.0,1020.0
2026-07-07T05:34:34.563349+00:00,Dar es Salaam,dar_es_salaam,24.6,13.0,200,2,1,83,0.0,1020.0
2026-07-07T05:34:35.053868+00:00,Dodoma,dodoma,17.8,14.4,100,3,1,72,0.0,1022.4
2026-07-07T05:34:35.673049+00:00,Arusha,arusha,15.4,13.5,100,55,1,92,0.1,1023.6
2026-07-07T05:34:36.136740+00:00,Mwanza,mwanza,19.7,22.0,150,2,1,53,0.0,1018.5
2026-07-07T05:34:36.636222+00:00,Zanzibar,zanzibar,24.3,16.7,198,51,1,82,0.0,1019.8
2026-07-07T08:54:27.288821+00:00,Dar es Salaam,dar_es_salaam,25.2,18.4,162,80,1,83,0.0,1021.5
2026-07-07T08:54:27.720542+00:00,Dodoma,dodoma,24.4,19.6,101,2,1,79,0.0,1023.7
2026-07-07T08:54:28.143909+00:00,Arusha,arusha,19.4,14.0,105,3,1,92,0.2,1024.6
2026-07-07T08:54:28.563186+00:00,Mwanza,mwanza,25.7,14.9,146,2,1,58,0.0,1020.3
2026-07-07T08:54:28.965280+00:00,Zanzibar,zanzibar,25.9,19.0,171,3,1,86,0.5,1021.2
2026-07-07T11:44:58.181152+00:00,Dar es Salaam,dar_es_salaam,25.7,13.9,147,3,1,71,0.0,1022.0
2026-07-07T11:44:58.598153+00:00,Dodoma,dodoma,26.9,20.6,113,2,1,48,0.0,1023.3
2026-07-07T11:44:59.050854+00:00,Arusha,arusha,21.4,13.0,104,2,1,74,0.3,1024.7
2026-07-07T11:44:59.465217+00:00,Mwanza,mwanza,28.3,2.7,242,2,1,44,0.0,1020.5
2026-07-07T11:44:59.878492+00:00,Zanzibar,zanzibar,25.1,25.0,159,53,1,80,0.4,1022.1
2026-07-07T12:15:50.795083+00:00,Dar es Salaam,dar_es_salaam,25.7,13.0,145,51,1,80,1.4,1021.9
2026-07-07T12:15:51.422394+00:00,Dodoma,dodoma,27.1,19.7,115,1,1,41,0.0,1022.3
2026-07-07T12:15:52.037223+00:00,Arusha,arusha,22.0,12.7,105,2,1,70,0.1,1024.2
2026-07-07T12:15:52.662484+00:00,Mwanza,mwanza,27.5,7.8,320,3,1,39,0.0,1019.4
2026-07-07T12:15:53.280268+00:00,Zanzibar,zanzibar,24.3,20.9,153,51,1,78,0.1,1021.7
2026-07-07T12:20:03.704923+00:00,Dodoma,dodoma,27.1,19.7,115,1,1,41,0.0,1022.3
2026-07-07T12:20:04.354224+00:00,Arusha,arusha,22.0,12.7,105,2,1,70,0.1,1024.2
2026-07-07T12:20:04.979442+00:00,Mwanza,mwanza,27.5,7.8,320,3,1,39,0.0,1019.4
2026-07-07T12:20:05.622148+00:00,Zanzibar,zanzibar,24.3,20.9,153,51,1,78,0.1,1021.7
2026-07-07T12:35:03.030798+00:00,Dar es Salaam,dar_es_salaam,24.6,13.7,141,3,1,78,0.8,1021.9
2026-07-07T12:35:03.675141+00:00,Dodoma,dodoma,27.1,19.2,116,2,1,39,0.0,1022.3
2026-07-07T12:35:04.320084+00:00,Arusha,arusha,22.1,13.0,104,2,1,67,0.1,1024.1
2026-07-07T12:35:05.089430+00:00,Mwanza,mwanza,27.5,9.8,325,1,1,39,0.0,1019.4
2026-07-07T12:35:05.732125+00:00,Zanzibar,zanzibar,24.9,18.8,150,53,1,85,1.9,1021.7
2026-07-07T12:50:03.257876+00:00,Dodoma,dodoma,26.9,18.1,103,2,1,39,0.0,1022.3
2026-07-07T12:50:03.883650+00:00,Arusha,arusha,22.1,12.4,106,2,1,67,0.1,1024.1
2026-07-07T12:50:04.518108+00:00,Mwanza,mwanza,27.0,9.0,323,0,1,39,0.0,1019.4
2026-07-07T12:50:05.132182+00:00,Zanzibar,zanzibar,24.7,18.8,154,53,1,85,1.9,1021.7
2026-07-07T13:05:02.517721+00:00,Dar es Salaam,dar_es_salaam,24.7,12.4,156,3,1,77,0.2,1021.4
2026-07-07T13:05:03.137990+00:00,Dodoma,dodoma,26.8,18.1,101,2,1,35,0.0,1021.1
2026-07-07T13:05:03.744238+00:00,Arusha,arusha,22.1,12.2,103,3,1,62,0.0,1022.9
2026-07-07T13:05:04.362938+00:00,Mwanza,mwanza,26.6,10.7,325,0,1,35,0.0,1018.2
2026-07-07T13:05:04.981105+00:00,Zanzibar,zanzibar,24.6,18.6,157,53,1,82,0.6,1021.1
2026-07-07T13:20:03.224203+00:00,Dodoma,dodoma,26.6,18.0,102,2,1,35,0.0,1021.1
2026-07-07T13:20:03.847371+00:00,Arusha,arusha,22.1,11.9,100,3,1,62,0.0,1022.9
2026-07-07T13:20:04.479092+00:00,Mwanza,mwanza,26.4,11.2,327,0,1,35,0.0,1018.2
2026-07-07T13:20:05.093655+00:00,Zanzibar,zanzibar,24.5,18.2,157,51,1,82,0.6,1021.1
2026-07-07T13:35:02.954404+00:00,Dar es Salaam,dar_es_salaam,24.3,13.1,151,3,1,77,0.2,1021.4
2026-07-07T13:35:03.597692+00:00,Dodoma,dodoma,26.4,17.6,104,2,1,35,0.0,1021.1
2026-07-07T13:35:04.238006+00:00,Arusha,arusha,22.1,11.4,96,3,1,62,0.0,1022.9
2026-07-07T13:35:04.896314+00:00,Mwanza,mwanza,26.2,10.8,330,1,1,35,0.0,1018.2
2026-07-07T13:35:05.513928+00:00,Zanzibar,zanzibar,24.4,17.5,156,51,1,82,0.6,1021.1
2026-07-07T13:50:03.523502+00:00,Dar es Salaam,dar_es_salaam,24.1,13.6,150,3,1,77,0.2,1021.4
2026-07-07T13:50:04.191852+00:00,Dodoma,dodoma,26.1,17.4,106,2,1,35,0.0,1021.1
2026-07-07T13:50:04.813281+00:00,Arusha,arusha,22.1,11.0,92,3,1,62,0.0,1022.9
2026-07-07T13:50:05.460972+00:00,Mwanza,mwanza,26.1,9.9,331,1,1,35,0.0,1018.2
2026-07-07T13:50:06.134125+00:00,Zanzibar,zanzibar,24.3,16.8,155,51,1,82,0.6,1021.1
2026-07-07T14:05:03.002175+00:00,Dar es Salaam,dar_es_salaam,23.9,13.7,150,3,1,82,0.6,1020.9
2026-07-07T14:05:03.643873+00:00,Dodoma,dodoma,25.9,17.4,107,2,1,34,0.0,1020.2
2026-07-07T14:05:04.274804+00:00,Arusha,arusha,22.0,10.4,88,3,1,61,0.0,1022.1
2026-07-07T14:05:04.914673+00:00,Mwanza,mwanza,26.0,9.2,329,1,1,32,0.0,1016.8
2026-07-07T14:05:05.548007+00:00,Zanzibar,zanzibar,24.2,16.5,155,51,1,82,0.4,1020.6
2026-07-07T14:20:03.288657+00:00,Dar es Salaam,dar_es_salaam,23.7,13.7,153,51,1,82,0.6,1020.9
2026-07-07T14:20:03.985234+00:00,Dodoma,dodoma,25.6,17.6,108,2,1,34,0.0,1020.2
2026-07-07T14:20:04.605078+00:00,Arusha,arusha,21.8,9.8,84,3,1,61,0.0,1022.1
2026-07-07T14:20:05.227628+00:00,Mwanza,mwanza,25.9,8.6,323,1,1,32,0.0,1016.8
2026-07-07T14:20:05.845008+00:00,Zanzibar,zanzibar,24.2,16.4,155,3,1,82,0.4,1020.6
2026-07-07T14:35:02.594038+00:00,Dar es Salaam,dar_es_salaam,23.5,13.6,160,51,1,82,0.6,1020.9
2026-07-07T14:35:03.214514+00:00,Dodoma,dodoma,25.3,18.0,108,1,1,34,0.0,1020.2
2026-07-07T14:35:03.840168+00:00,Arusha,arusha,21.7,9.2,79,3,1,61,0.0,1022.1
2026-07-07T14:35:04.466685+00:00,Mwanza,mwanza,25.9,8.4,312,2,1,32,0.0,1016.8
2026-07-07T14:35:05.114154+00:00,Zanzibar,zanzibar,24.2,16.6,156,3,1,82,0.4,1020.6
2026-07-07T14:50:03.613060+00:00,Dodoma,dodoma,24.9,18.5,108,1,1,34,0.0,1020.2
2026-07-07T14:50:04.230725+00:00,Arusha,arusha,21.5,8.4,74,2,1,61,0.0,1022.1
2026-07-07T14:50:04.846873+00:00,Mwanza,mwanza,25.8,8.4,298,3,1,32,0.0,1016.8
2026-07-07T14:50:05.503431+00:00,Zanzibar,zanzibar,24.2,16.9,157,3,1,82,0.4,1020.6
2026-07-07T15:05:03.407217+00:00,Dar es Salaam,dar_es_salaam,23.1,13.9,170,51,1,84,0.6,1020.3
2026-07-07T15:05:04.023048+00:00,Dodoma,dodoma,24.5,19.0,107,0,1,33,0.0,1019.1
2026-07-07T15:05:04.644262+00:00,Arusha,arusha,21.1,8.2,68,2,1,59,0.0,1020.8
2026-07-07T15:05:05.282021+00:00,Mwanza,mwanza,25.7,8.3,286,3,1,32,0.0,1015.7
2026-07-07T15:05:05.901702+00:00,Zanzibar,zanzibar,24.2,17.1,158,3,1,79,0.2,1020.1
2026-07-07T15:20:03.291146+00:00,Dar es Salaam,dar_es_salaam,23.0,14.0,172,3,1,84,0.6,1020.3
2026-07-07T15:20:03.943848+00:00,Dodoma,dodoma,23.9,19.8,106,1,1,33,0.0,1019.1
2026-07-07T15:20:04.565208+00:00,Arusha,arusha,20.6,8.2,61,2,1,59,0.0,1020.8
2026-07-07T15:20:05.184826+00:00,Mwanza,mwanza,25.5,8.1,274,3,1,32,0.0,1015.7
2026-07-07T15:20:05.800887+00:00,Zanzibar,zanzibar,24.1,17.7,159,3,1,79,0.2,1020.1
2026-07-07T15:35:02.791659+00:00,Dar es Salaam,dar_es_salaam,23.0,14.0,173,3,0,84,0.6,1020.3
2026-07-07T15:35:03.416711+00:00,Dodoma,dodoma,23.2,20.8,104,1,1,33,0.0,1019.1
2026-07-07T15:35:04.031177+00:00,Arusha,arusha,20.0,8.5,55,1,1,59,0.0,1020.8
2026-07-07T15:35:04.648641+00:00,Mwanza,mwanza,25.2,8.1,258,3,1,32,0.0,1015.7
2026-07-07T15:35:05.265422+00:00,Zanzibar,zanzibar,24.1,18.3,161,3,0,79,0.2,1020.1
2026-07-07T15:50:03.461290+00:00,Dar es Salaam,dar_es_salaam,22.9,14.0,173,3,0,84,0.6,1020.3
2026-07-07T15:50:04.123789+00:00,Dodoma,dodoma,22.4,21.7,102,2,0,33,0.0,1019.1
2026-07-07T15:50:04.755093+00:00,Arusha,arusha,19.4,9.1,52,0,0,59,0.0,1020.8
2026-07-07T15:50:05.390692+00:00,Mwanza,mwanza,24.9,8.5,243,3,1,32,0.0,1015.7
2026-07-07T15:50:06.023990+00:00,Zanzibar,zanzibar,24.0,19.1,162,3,0,79,0.2,1020.1
2026-07-07T16:05:02.619787+00:00,Dar es Salaam,dar_es_salaam,22.9,13.8,172,3,0,82,0.0,1019.9
2026-07-07T16:05:03.283994+00:00,Dodoma,dodoma,21.8,22.4,101,2,0,34,0.0,1018.3
2026-07-07T16:05:03.902501+00:00,Arusha,arusha,18.9,9.6,52,0,0,58,0.0,1020.0
2026-07-07T16:05:04.526140+00:00,Mwanza,mwanza,24.7,9.2,228,3,0,45,0.0,1015.1
2026-07-07T16:05:05.141541+00:00,Zanzibar,zanzibar,23.9,19.4,163,3,0,83,0.6,1019.9
2026-07-07T16:20:03.791842+00:00,Dar es Salaam,dar_es_salaam,22.9,13.7,171,51,0,82,0.0,1019.9
2026-07-07T16:20:04.854672+00:00,Dodoma,dodoma,21.1,22.7,101,2,0,34,0.0,1018.3
2026-07-07T16:20:05.541690+00:00,Arusha,arusha,18.7,10.1,55,0,0,58,0.0,1020.0
2026-07-07T16:20:06.189028+00:00,Mwanza,mwanza,24.6,10.4,212,3,0,45,0.0,1015.1
2026-07-07T16:20:06.854098+00:00,Zanzibar,zanzibar,23.9,19.5,162,3,0,83,0.6,1019.9
2026-07-07T16:35:02.942335+00:00,Dar es Salaam,dar_es_salaam,22.9,13.6,169,51,0,82,0.0,1019.9
2026-07-07T16:35:03.559292+00:00,Dodoma,dodoma,20.5,23.1,101,2,0,34,0.0,1018.3
2026-07-07T16:35:04.175152+00:00,Arusha,arusha,18.7,10.7,61,0,0,58,0.0,1020.0
2026-07-07T16:35:04.804945+00:00,Mwanza,mwanza,24.7,12.4,199,3,0,45,0.0,1015.1
2026-07-07T16:35:05.423928+00:00,Zanzibar,zanzibar,23.9,19.1,160,3,0,83,0.6,1019.9
2026-07-07T16:50:03.407493+00:00,Dar es Salaam,dar_es_salaam,22.9,13.5,168,51,0,82,0.0,1019.9
2026-07-07T16:50:04.026644+00:00,Dodoma,dodoma,20.0,23.3,101,2,0,34,0.0,1018.3
2026-07-07T16:50:04.640857+00:00,Arusha,arusha,18.7,11.5,68,1,0,58,0.0,1020.0
2026-07-07T16:50:05.264180+00:00,Mwanza,mwanza,24.8,14.6,189,3,0,45,0.0,1015.1
2026-07-07T16:50:05.873373+00:00,Zanzibar,zanzibar,23.9,18.8,159,3,0,83,0.6,1019.9
2026-07-07T17:05:04.121117+00:00,Dar es Salaam,dar_es_salaam,22.9,13.1,167,51,0,84,0.1,1020.2
2026-07-07T17:05:04.745354+00:00,Dodoma,dodoma,19.5,23.4,101,2,0,36,0.0,1018.2
2026-07-07T17:05:05.363161+00:00,Arusha,arusha,18.6,12.4,74,1,0,58,0.0,1019.7
2026-07-07T17:05:06.001552+00:00,Mwanza,mwanza,24.8,16.4,183,3,0,51,0.0,1014.7
2026-07-07T17:05:06.755154+00:00,Zanzibar,zanzibar,23.9,18.4,157,3,0,88,0.5,1019.8
2026-07-07T17:20:03.804637+00:00,Dodoma,dodoma,19.3,23.8,100,3,0,36,0.0,1018.2
2026-07-07T17:20:04.601247+00:00,Arusha,arusha,18.6,13.6,82,1,0,58,0.0,1019.7
2026-07-07T17:20:05.246311+00:00,Mwanza,mwanza,24.7,17.3,181,3,0,51,0.0,1014.7
2026-07-07T17:20:05.888422+00:00,Zanzibar,zanzibar,23.9,17.8,156,3,0,88,0.5,1019.8
2026-07-07T17:35:02.682305+00:00,Dar es Salaam,dar_es_salaam,22.9,12.4,166,3,0,84,0.1,1020.2
2026-07-07T17:35:03.301202+00:00,Dodoma,dodoma,19.2,24.2,99,3,0,36,0.0,1018.2
2026-07-07T17:35:03.948385+00:00,Arusha,arusha,18.6,15.5,89,1,0,58,0.0,1019.7
2026-07-07T17:35:04.566403+00:00,Mwanza,mwanza,24.6,17.3,179,3,0,51,0.0,1014.7
2026-07-07T17:35:05.184162+00:00,Zanzibar,zanzibar,24.0,17.1,155,3,0,88,0.5,1019.8
2026-07-07T17:50:03.109145+00:00,Dar es Salaam,dar_es_salaam,22.9,12.0,166,3,0,84,0.1,1020.2
2026-07-07T17:50:03.767039+00:00,Dodoma,dodoma,19.1,24.7,98,3,0,36,0.0,1018.2
2026-07-07T17:50:04.393124+00:00,Arusha,arusha,18.6,17.1,94,2,0,58,0.0,1019.7
2026-07-07T17:50:05.015160+00:00,Mwanza,mwanza,24.4,16.9,179,3,0,51,0.0,1014.7
2026-07-07T17:50:05.629421+00:00,Zanzibar,zanzibar,24.0,16.3,153,3,0,88,0.5,1019.8
2026-07-07T18:05:03.203360+00:00,Dar es Salaam,dar_es_salaam,23.0,11.9,165,3,0,88,0.3,1020.1
2026-07-07T18:05:03.841014+00:00,Dodoma,dodoma,19.0,24.9,97,3,0,42,0.0,1018.3
2026-07-07T18:05:04.462835+00:00,Arusha,arusha,18.4,18.2,97,2,0,61,0.0,1019.4
2026-07-07T18:05:05.104122+00:00,Mwanza,mwanza,24.2,16.6,178,3,0,60,0.0,1014.4
2026-07-07T18:05:05.714453+00:00,Zanzibar,zanzibar,24.0,15.9,152,3,0,89,0.0,1019.8
2026-07-07T18:20:03.411859+00:00,Dar es Salaam,dar_es_salaam,23.0,11.8,163,3,0,88,0.3,1020.1
2026-07-07T18:20:04.072917+00:00,Dodoma,dodoma,18.9,24.7,97,3,0,42,0.0,1018.3
2026-07-07T18:20:04.698542+00:00,Arusha,arusha,17.9,18.0,98,51,0,61,0.0,1019.4
2026-07-07T18:20:05.339048+00:00,Mwanza,mwanza,24.0,16.1,176,3,0,60,0.0,1014.4
2026-07-07T18:20:05.952874+00:00,Zanzibar,zanzibar,24.0,15.7,150,3,0,89,0.0,1019.8
2026-07-07T18:35:02.722909+00:00,Dar es Salaam,dar_es_salaam,23.0,12.1,160,3,0,88,0.3,1020.1
2026-07-07T18:35:03.351648+00:00,Dodoma,dodoma,18.7,24.3,97,3,0,42,0.0,1018.3
2026-07-07T18:35:03.967927+00:00,Arusha,arusha,17.3,17.2,97,51,0,61,0.0,1019.4
2026-07-07T18:35:04.589846+00:00,Mwanza,mwanza,23.8,15.6,173,3,0,60,0.0,1014.4
2026-07-07T18:35:05.205189+00:00,Zanzibar,zanzibar,24.0,15.7,149,2,0,89,0.0,1019.8
2026-07-07T18:50:03.483456+00:00,Dar es Salaam,dar_es_salaam,23.1,12.3,158,3,0,88,0.3,1020.1
2026-07-07T18:50:04.202113+00:00,Dodoma,dodoma,18.6,23.8,97,3,0,42,0.0,1018.3
2026-07-07T18:50:04.844612+00:00,Arusha,arusha,16.7,15.9,95,51,0,61,0.0,1019.4
2026-07-07T18:50:05.480642+00:00,Mwanza,mwanza,23.5,14.8,170,3,0,60,0.0,1014.4
2026-07-07T18:50:06.106069+00:00,Zanzibar,zanzibar,24.0,15.7,148,2,0,89,0.0,1019.8
2026-07-07T19:05:03.302639+00:00,Dar es Salaam,dar_es_salaam,22.6,12.4,156,3,0,93,0.0,1020.7
2026-07-07T19:05:03.948346+00:00,Dodoma,dodoma,17.8,23.4,97,0,0,54,0.0,1020.4
2026-07-07T19:05:04.604942+00:00,Arusha,arusha,16.4,15.0,93,3,0,68,0.0,1020.4
2026-07-07T19:05:05.342416+00:00,Mwanza,mwanza,23.1,14.3,166,2,0,66,0.0,1015.7
2026-07-07T19:05:05.972091+00:00,Zanzibar,zanzibar,23.4,15.8,148,3,0,94,0.3,1020.5
2026-07-07T19:20:03.548621+00:00,Dar es Salaam,dar_es_salaam,22.6,8.1,185,3,0,93,0.0,1020.7
2026-07-07T19:20:04.186215+00:00,Dodoma,dodoma,17.7,23.0,96,1,0,54,0.0,1020.4
2026-07-07T19:20:04.804301+00:00,Arusha,arusha,16.1,13.5,86,53,0,68,0.0,1020.4
2026-07-07T19:20:05.428693+00:00,Mwanza,mwanza,22.8,13.8,169,3,0,66,0.0,1015.7
2026-07-07T19:20:06.043430+00:00,Zanzibar,zanzibar,23.4,11.1,163,3,0,94,0.3,1020.5
2026-07-07T19:35:02.833037+00:00,Dar es Salaam,dar_es_salaam,22.6,7.7,181,3,0,93,0.0,1020.7
2026-07-07T19:35:03.451738+00:00,Dodoma,dodoma,17.6,22.8,96,1,0,54,0.0,1020.4
2026-07-07T19:35:04.081120+00:00,Arusha,arusha,15.9,12.0,82,53,0,68,0.0,1020.4
2026-07-07T19:35:04.700086+00:00,Mwanza,mwanza,22.6,13.4,160,3,0,66,0.0,1015.7
2026-07-07T19:35:05.315303+00:00,Zanzibar,zanzibar,23.3,11.4,159,3,0,94,0.3,1020.5
2026-07-07T19:50:03.087730+00:00,Dar es Salaam,dar_es_salaam,22.5,7.6,177,3,0,93,0.0,1020.7
2026-07-07T19:50:03.711833+00:00,Dodoma,dodoma,17.5,22.8,95,2,0,54,0.0,1020.4
2026-07-07T19:50:04.328507+00:00,Arusha,arusha,15.7,10.7,77,53,0,68,0.0,1020.4
2026-07-07T19:50:04.958134+00:00,Mwanza,mwanza,22.4,13.4,153,3,0,66,0.0,1015.7
2026-07-07T19:50:05.573384+00:00,Zanzibar,zanzibar,23.3,11.6,154,2,0,94,0.3,1020.5
2026-07-07T20:05:03.414415+00:00,Dar es Salaam,dar_es_salaam,22.5,7.4,176,3,0,93,0.0,1021.2
2026-07-07T20:05:04.026441+00:00,Dodoma,dodoma,17.4,22.6,95,2,0,64,0.0,1021.3
2026-07-07T20:05:04.641343+00:00,Arusha,arusha,15.6,10.1,74,53,0,68,0.0,1021.5
2026-07-07T20:05:05.269492+00:00,Mwanza,mwanza,22.2,13.8,147,3,0,46,0.0,1015.9
2026-07-07T20:05:05.887144+00:00,Zanzibar,zanzibar,23.2,11.7,151,2,0,94,0.1,1021.0
2026-07-07T20:20:03.483798+00:00,Dodoma,dodoma,17.4,22.4,94,3,0,64,0.0,1021.3
2026-07-07T20:20:04.225305+00:00,Arusha,arusha,15.5,10.4,76,53,0,68,0.0,1021.5
2026-07-07T20:20:04.861070+00:00,Mwanza,mwanza,22.2,14.7,144,3,0,46,0.0,1015.9
2026-07-07T20:20:05.491964+00:00,Zanzibar,zanzibar,23.2,11.5,149,2,0,94,0.1,1021.0
2026-07-07T20:35:02.877147+00:00,Dar es Salaam,dar_es_salaam,22.3,7.7,181,3,0,93,0.0,1021.2
2026-07-07T20:35:03.515914+00:00,Dodoma,dodoma,17.3,22.0,93,2,0,64,0.0,1021.3
2026-07-07T20:35:04.146830+00:00,Arusha,arusha,15.5,11.3,80,53,0,68,0.0,1021.5
2026-07-07T20:35:04.783595+00:00,Mwanza,mwanza,22.3,15.9,143,2,0,46,0.0,1015.9
2026-07-07T20:35:05.415042+00:00,Zanzibar,zanzibar,23.1,11.2,148,3,0,94,0.1,1021.0
