timestamp,city,city_key,field,value,type,detail,severity
2026-06-28T18:13:37.757573+00:00,Mwanza,mwanza,humidity,37.0,statistical_anomaly,humidity=37.0 z=2.53 (μ=31.1 σ=2.3),medium
2026-06-28T19:15:43.327993+00:00,Dodoma,dodoma,humidity,37.0,statistical_anomaly,humidity=37.0 z=2.94 (μ=24.1 σ=4.4),medium
2026-06-28T19:15:43.327993+00:00,Mwanza,mwanza,humidity,60.0,statistical_anomaly,humidity=60.0 z=3.02 (μ=34.0 σ=8.6),medium
2026-06-28T20:33:41.756557+00:00,Dodoma,dodoma,humidity,46.0,statistical_anomaly,humidity=46.0 z=2.52 (μ=26.6 σ=7.7),medium
2026-06-28T21:08:12.726568+00:00,Dodoma,dodoma,humidity,65.0,statistical_anomaly,humidity=65.0 z=2.89 (μ=29.1 σ=12.4),medium
2026-06-28T23:38:53.123215+00:00,Mwanza,mwanza,windspeed,9.4,statistical_anomaly,windspeed=9.4 z=2.66 (μ=5.4 σ=1.5),medium
2026-06-29T00:09:26.578594+00:00,Mwanza,mwanza,windspeed,12.3,statistical_anomaly,windspeed=12.3 z=3.12 (μ=5.7 σ=2.1),medium
2026-06-29T09:09:05.116202+00:00,Dar es Salaam,dar_es_salaam,pressure,1018.9,statistical_anomaly,pressure=1018.9 z=2.53 (μ=1016.3 σ=1.0),medium
2026-06-29T09:09:05.116202+00:00,Zanzibar,zanzibar,pressure,1018.9,statistical_anomaly,pressure=1018.9 z=2.72 (μ=1016.3 σ=1.0),medium
2026-06-29T10:54:50.160504+00:00,Zanzibar,zanzibar,temperature,27.3,statistical_anomaly,temperature=27.3 z=2.52 (μ=24.5 σ=1.1),medium
2026-06-29T10:54:50.160504+00:00,Zanzibar,zanzibar,pressure,1019.1,statistical_anomaly,pressure=1019.1 z=2.51 (μ=1016.4 σ=1.1),medium
2026-06-29T20:11:50.047222+00:00,Arusha,arusha,windspeed,21.6,statistical_anomaly,windspeed=21.6 z=2.52 (μ=11.6 σ=4.0),medium
2026-06-30T01:18:15.212045+00:00,Mwanza,mwanza,windspeed,16.2,statistical_anomaly,windspeed=16.2 z=2.74 (μ=7.2 σ=3.3),medium
2026-06-30T02:20:36.811039+00:00,Mwanza,mwanza,windspeed,16.5,statistical_anomaly,windspeed=16.5 z=2.58 (μ=7.5 σ=3.5),medium
2026-06-30T05:25:09.587475+00:00,Mwanza,mwanza,windspeed,18.4,statistical_anomaly,windspeed=18.4 z=2.61 (μ=7.9 σ=4.0),medium
2026-06-30T13:23:39.700457+00:00,Zanzibar,zanzibar,humidity,61.0,statistical_anomaly,humidity=61.0 z=3.08 (μ=80.3 σ=6.2),medium
2026-06-30T14:17:05.260704+00:00,Zanzibar,zanzibar,humidity,62.0,statistical_anomaly,humidity=62.0 z=2.69 (μ=79.9 σ=6.7),medium
2026-07-01T12:23:41.099212+00:00,Zanzibar,zanzibar,windspeed,21.3,statistical_anomaly,windspeed=21.3 z=2.51 (μ=14.3 σ=2.8),medium
2026-07-02T01:18:17.362047+00:00,Zanzibar,zanzibar,windspeed,5.3,statistical_anomaly,windspeed=5.3 z=2.62 (μ=14.0 σ=3.3),medium
2026-07-02T11:57:03.742965+00:00,Dar es Salaam,dar_es_salaam,pressure,1019.8,statistical_anomaly,pressure=1019.8 z=2.61 (μ=1016.9 σ=1.1),medium
2026-07-02T11:57:03.742965+00:00,Zanzibar,zanzibar,pressure,1019.9,statistical_anomaly,pressure=1019.9 z=2.77 (μ=1016.8 σ=1.1),medium
2026-07-03T11:11:38.367590+00:00,Dar es Salaam,dar_es_salaam,pressure,1019.9,statistical_anomaly,pressure=1019.9 z=2.63 (μ=1017.1 σ=1.1),medium
2026-07-03T11:11:38.367590+00:00,Zanzibar,zanzibar,pressure,1020.0,statistical_anomaly,pressure=1020.0 z=2.71 (μ=1017.0 σ=1.1),medium
2026-07-03T13:11:12.022082+00:00,Dar es Salaam,dar_es_salaam,windspeed,16.2,statistical_anomaly,windspeed=16.2 z=2.82 (μ=10.3 σ=2.1),medium
2026-07-04T10:24:54.189007+00:00,Dar es Salaam,dar_es_salaam,pressure,1020.3,statistical_anomaly,pressure=1020.3 z=2.66 (μ=1017.2 σ=1.1),medium
2026-07-04T10:24:54.189007+00:00,Zanzibar,zanzibar,pressure,1020.3,statistical_anomaly,pressure=1020.3 z=2.65 (μ=1017.1 σ=1.2),medium
2026-07-05T08:31:03.579284+00:00,Dar es Salaam,dar_es_salaam,windspeed,17.2,statistical_anomaly,windspeed=17.2 z=2.75 (μ=10.6 σ=2.4),medium
2026-07-05T10:51:30.905846+00:00,Dar es Salaam,dar_es_salaam,windspeed,18.4,statistical_anomaly,windspeed=18.4 z=3.06 (μ=10.7 σ=2.5),medium
2026-07-05T12:13:07.733341+00:00,Dar es Salaam,dar_es_salaam,windspeed,18.1,statistical_anomaly,windspeed=18.1 z=2.79 (μ=10.8 σ=2.6),medium
2026-07-05T14:10:21.475964+00:00,Zanzibar,zanzibar,windspeed,24.0,statistical_anomaly,windspeed=24.0 z=2.63 (μ=13.7 σ=3.9),medium
2026-07-06T10:15:43.071540+00:00,Dar es Salaam,dar_es_salaam,pressure,1021.1,statistical_anomaly,pressure=1021.1 z=2.84 (μ=1017.6 σ=1.2),medium
2026-07-06T10:15:43.071540+00:00,Mwanza,mwanza,pressure,1019.2,statistical_anomaly,pressure=1019.2 z=2.56 (μ=1014.1 σ=2.0),medium
2026-07-06T10:15:43.071540+00:00,Zanzibar,zanzibar,pressure,1021.1,statistical_anomaly,pressure=1021.1 z=2.84 (μ=1017.5 σ=1.3),medium
2026-07-06T19:14:27.267194+00:00,Arusha,arusha,windspeed,21.1,statistical_anomaly,windspeed=21.1 z=2.96 (μ=12.0 σ=3.1),medium
2026-07-06T21:02:30.495754+00:00,Dar es Salaam,dar_es_salaam,pressure,1020.8,statistical_anomaly,pressure=1020.8 z=2.55 (μ=1017.6 σ=1.2),medium
2026-07-07T08:54:30.534729+00:00,Dar es Salaam,dar_es_salaam,pressure,1021.5,statistical_anomaly,pressure=1021.5 z=2.65 (μ=1017.9 σ=1.4),medium
2026-07-07T08:54:30.534729+00:00,Dar es Salaam,dar_es_salaam,windspeed,18.4,statistical_anomaly,windspeed=18.4 z=2.67 (μ=10.9 σ=2.8),medium
2026-07-07T08:54:30.534729+00:00,Mwanza,mwanza,pressure,1020.3,statistical_anomaly,pressure=1020.3 z=2.78 (μ=1014.4 σ=2.1),medium
2026-07-07T11:45:01.358550+00:00,Dar es Salaam,dar_es_salaam,pressure,1022.0,statistical_anomaly,pressure=1022.0 z=2.87 (μ=1017.9 σ=1.4),medium
2026-07-07T11:45:01.358550+00:00,Mwanza,mwanza,pressure,1020.5,statistical_anomaly,pressure=1020.5 z=2.75 (μ=1014.5 σ=2.2),medium
2026-07-07T11:45:01.358550+00:00,Zanzibar,zanzibar,pressure,1022.1,statistical_anomaly,pressure=1022.1 z=2.95 (μ=1017.8 σ=1.5),medium
2026-07-07T12:15:57.177685+00:00,Dar es Salaam,dar_es_salaam,pressure,1021.9,statistical_anomaly,pressure=1021.9 z=2.67 (μ=1018.0 σ=1.5),medium
2026-07-07T12:15:57.177685+00:00,Zanzibar,zanzibar,pressure,1021.7,statistical_anomaly,pressure=1021.7 z=2.56 (μ=1017.9 σ=1.5),medium
2026-07-07T12:35:09.282482+00:00,Dar es Salaam,dar_es_salaam,pressure,1021.9,statistical_anomaly,pressure=1021.9 z=2.55 (μ=1018.0 σ=1.5),medium
2026-07-08T09:50:09.584964+00:00,Zanzibar,zanzibar,temperature,26.5,statistical_anomaly,temperature=26.5 z=2.63 (μ=23.8 σ=1.0),medium
2026-07-08T10:05:08.896316+00:00,Zanzibar,zanzibar,temperature,26.8,statistical_anomaly,temperature=26.8 z=2.79 (μ=23.8 σ=1.1),medium
2026-07-08T10:20:09.997518+00:00,Zanzibar,zanzibar,temperature,26.9,statistical_anomaly,temperature=26.9 z=2.76 (μ=23.8 σ=1.1),medium
2026-07-08T10:35:08.987137+00:00,Zanzibar,zanzibar,temperature,27.0,statistical_anomaly,temperature=27.0 z=2.72 (μ=23.8 σ=1.2),medium
2026-07-08T10:50:09.797833+00:00,Zanzibar,zanzibar,temperature,27.1,statistical_anomaly,temperature=27.1 z=2.68 (μ=23.9 σ=1.2),medium
2026-07-08T11:05:08.371439+00:00,Zanzibar,zanzibar,temperature,27.1,statistical_anomaly,temperature=27.1 z=2.57 (μ=23.9 σ=1.3),medium
2026-07-08T11:50:09.665003+00:00,Mwanza,mwanza,windspeed,4.1,statistical_anomaly,windspeed=4.1 z=3.12 (μ=14.0 σ=3.2),medium
2026-07-08T12:05:09.088230+00:00,Dar es Salaam,dar_es_salaam,humidity,63.0,statistical_anomaly,humidity=63.0 z=2.66 (μ=86.8 σ=9.0),medium
2026-07-08T12:05:09.088230+00:00,Mwanza,mwanza,windspeed,3.4,statistical_anomaly,windspeed=3.4 z=3.21 (μ=14.0 σ=3.3),medium
2026-07-08T12:20:10.686480+00:00,Dar es Salaam,dar_es_salaam,humidity,63.0,statistical_anomaly,humidity=63.0 z=2.61 (μ=86.8 σ=9.1),medium
2026-07-08T12:20:10.686480+00:00,Mwanza,mwanza,windspeed,3.9,statistical_anomaly,windspeed=3.9 z=2.95 (μ=13.9 σ=3.4),medium
2026-07-08T12:35:09.184177+00:00,Mwanza,mwanza,windspeed,4.7,statistical_anomaly,windspeed=4.7 z=2.62 (μ=13.9 σ=3.5),medium
2026-07-08T14:05:08.700652+00:00,Dar es Salaam,dar_es_salaam,pressure,1017.8,statistical_anomaly,pressure=1017.8 z=2.91 (μ=1020.3 σ=0.9),medium
2026-07-08T14:05:08.700652+00:00,Zanzibar,zanzibar,pressure,1018.1,statistical_anomaly,pressure=1018.1 z=2.60 (μ=1020.0 σ=0.7),medium
2026-07-08T14:20:09.758040+00:00,Dar es Salaam,dar_es_salaam,pressure,1017.8,statistical_anomaly,pressure=1017.8 z=2.81 (μ=1020.3 σ=0.9),medium
2026-07-08T14:35:09.377511+00:00,Dar es Salaam,dar_es_salaam,pressure,1017.8,statistical_anomaly,pressure=1017.8 z=2.74 (μ=1020.3 σ=0.9),medium
2026-07-08T14:50:09.754966+00:00,Arusha,arusha,windspeed,2.1,statistical_anomaly,windspeed=2.1 z=2.58 (μ=10.6 σ=3.3),medium
2026-07-08T15:05:09.255161+00:00,Dar es Salaam,dar_es_salaam,pressure,1017.1,statistical_anomaly,pressure=1017.1 z=3.32 (μ=1020.2 σ=0.9),medium
2026-07-08T15:05:09.255161+00:00,Arusha,arusha,windspeed,1.7,statistical_anomaly,windspeed=1.7 z=2.59 (μ=10.6 σ=3.4),medium
2026-07-08T15:05:09.255161+00:00,Zanzibar,zanzibar,pressure,1017.5,statistical_anomaly,pressure=1017.5 z=2.87 (μ=1019.9 σ=0.8),medium
2026-07-08T15:20:09.192295+00:00,Zanzibar,zanzibar,pressure,1017.5,statistical_anomaly,pressure=1017.5 z=2.72 (μ=1019.9 σ=0.9),medium
2026-07-08T15:35:08.672986+00:00,Dar es Salaam,dar_es_salaam,pressure,1017.1,statistical_anomaly,pressure=1017.1 z=3.11 (μ=1020.2 σ=1.0),medium
2026-07-08T15:35:08.672986+00:00,Zanzibar,zanzibar,pressure,1017.5,statistical_anomaly,pressure=1017.5 z=2.59 (μ=1019.9 σ=0.9),medium
2026-07-08T15:50:09.397714+00:00,Mwanza,mwanza,windspeed,3.2,statistical_anomaly,windspeed=3.2 z=2.50 (μ=13.5 σ=4.1),medium
2026-07-08T16:05:09.263551+00:00,Dar es Salaam,dar_es_salaam,pressure,1016.7,statistical_anomaly,pressure=1016.7 z=3.27 (μ=1020.1 σ=1.1),medium
2026-07-08T16:05:09.263551+00:00,Arusha,arusha,pressure,1017.8,statistical_anomaly,pressure=1017.8 z=2.56 (μ=1022.3 σ=1.7),medium
2026-07-08T16:05:09.263551+00:00,Mwanza,mwanza,windspeed,2.6,statistical_anomaly,windspeed=2.6 z=2.55 (μ=13.4 σ=4.2),medium
2026-07-08T16:05:09.263551+00:00,Zanzibar,zanzibar,pressure,1016.8,statistical_anomaly,pressure=1016.8 z=3.02 (μ=1019.8 σ=1.0),medium
2026-07-08T16:20:09.611042+00:00,Dar es Salaam,dar_es_salaam,pressure,1016.7,statistical_anomaly,pressure=1016.7 z=3.07 (μ=1020.1 σ=1.1),medium
2026-07-08T16:20:09.611042+00:00,Zanzibar,zanzibar,pressure,1016.8,statistical_anomaly,pressure=1016.8 z=2.86 (μ=1019.8 σ=1.0),medium
2026-07-08T16:35:08.909309+00:00,Dar es Salaam,dar_es_salaam,pressure,1016.7,statistical_anomaly,pressure=1016.7 z=2.90 (μ=1020.1 σ=1.2),medium
2026-07-08T16:35:08.909309+00:00,Zanzibar,zanzibar,pressure,1016.8,statistical_anomaly,pressure=1016.8 z=2.71 (μ=1019.8 σ=1.1),medium
2026-07-08T16:50:09.576239+00:00,Dar es Salaam,dar_es_salaam,pressure,1016.7,statistical_anomaly,pressure=1016.7 z=2.75 (μ=1020.0 σ=1.2),medium
2026-07-08T16:50:09.576239+00:00,Zanzibar,zanzibar,pressure,1016.8,statistical_anomaly,pressure=1016.8 z=2.59 (μ=1019.7 σ=1.1),medium
2026-07-08T17:05:09.076551+00:00,Zanzibar,zanzibar,pressure,1016.7,statistical_anomaly,pressure=1016.7 z=2.55 (μ=1019.7 σ=1.2),medium
2026-07-09T12:05:08.670918+00:00,Zanzibar,zanzibar,humidity,75.0,statistical_anomaly,humidity=75.0 z=2.56 (μ=84.5 σ=3.7),medium
2026-07-09T12:20:09.457292+00:00,Zanzibar,zanzibar,humidity,69.0,statistical_anomaly,humidity=69.0 z=3.81 (μ=84.4 σ=4.0),high
2026-07-09T12:35:09.404306+00:00,Zanzibar,zanzibar,humidity,69.0,statistical_anomaly,humidity=69.0 z=3.53 (μ=84.2 σ=4.3),high
2026-07-09T12:50:09.578909+00:00,Zanzibar,zanzibar,humidity,69.0,statistical_anomaly,humidity=69.0 z=3.31 (μ=84.1 σ=4.6),medium
2026-07-09T14:05:08.674352+00:00,Dodoma,dodoma,pressure,1015.5,statistical_anomaly,pressure=1015.5 z=2.55 (μ=1018.8 σ=1.3),medium
2026-07-09T15:05:08.673410+00:00,Dar es Salaam,dar_es_salaam,pressure,1015.5,statistical_anomaly,pressure=1015.5 z=2.59 (μ=1017.7 σ=0.8),medium
2026-07-09T15:05:08.673410+00:00,Dodoma,dodoma,pressure,1014.5,statistical_anomaly,pressure=1014.5 z=2.82 (μ=1018.7 σ=1.5),medium
2026-07-09T15:05:08.673410+00:00,Zanzibar,zanzibar,humidity,69.0,statistical_anomaly,humidity=69.0 z=2.58 (μ=83.4 σ=5.6),medium
2026-07-09T15:20:09.780710+00:00,Dar es Salaam,dar_es_salaam,pressure,1015.5,statistical_anomaly,pressure=1015.5 z=2.57 (μ=1017.6 σ=0.8),medium
2026-07-09T15:20:09.780710+00:00,Dodoma,dodoma,pressure,1014.5,statistical_anomaly,pressure=1014.5 z=2.69 (μ=1018.7 σ=1.5),medium
2026-07-09T15:35:09.268220+00:00,Dodoma,dodoma,pressure,1014.5,statistical_anomaly,pressure=1014.5 z=2.59 (μ=1018.6 σ=1.6),medium
2026-07-09T16:05:09.462789+00:00,Dar es Salaam,dar_es_salaam,pressure,1015.0,statistical_anomaly,pressure=1015.0 z=2.84 (μ=1017.5 σ=0.9),medium
2026-07-09T16:05:09.462789+00:00,Dodoma,dodoma,pressure,1013.7,statistical_anomaly,pressure=1013.7 z=2.83 (μ=1018.6 σ=1.7),medium
2026-07-09T16:05:09.462789+00:00,Mwanza,mwanza,pressure,1011.3,statistical_anomaly,pressure=1011.3 z=2.77 (μ=1015.2 σ=1.4),medium
2026-07-09T16:05:09.462789+00:00,Zanzibar,zanzibar,pressure,1014.9,statistical_anomaly,pressure=1014.9 z=2.89 (μ=1017.4 σ=0.9),medium
2026-07-09T16:20:09.679148+00:00,Dar es Salaam,dar_es_salaam,pressure,1015.0,statistical_anomaly,pressure=1015.0 z=2.72 (μ=1017.5 σ=0.9),medium
2026-07-09T16:20:09.679148+00:00,Dodoma,dodoma,pressure,1013.7,statistical_anomaly,pressure=1013.7 z=2.72 (μ=1018.5 σ=1.8),medium
2026-07-09T16:20:09.679148+00:00,Mwanza,mwanza,pressure,1011.3,statistical_anomaly,pressure=1011.3 z=2.67 (μ=1015.1 σ=1.4),medium
2026-07-09T16:20:09.679148+00:00,Zanzibar,zanzibar,pressure,1014.9,statistical_anomaly,pressure=1014.9 z=2.76 (μ=1017.4 σ=0.9),medium
2026-07-09T16:35:08.976054+00:00,Dar es Salaam,dar_es_salaam,pressure,1015.0,statistical_anomaly,pressure=1015.0 z=2.59 (μ=1017.4 σ=0.9),medium
2026-07-09T16:35:08.976054+00:00,Dodoma,dodoma,pressure,1013.7,statistical_anomaly,pressure=1013.7 z=2.62 (μ=1018.5 σ=1.8),medium
2026-07-09T16:35:08.976054+00:00,Mwanza,mwanza,pressure,1011.3,statistical_anomaly,pressure=1011.3 z=2.58 (μ=1015.1 σ=1.5),medium
2026-07-09T16:35:08.976054+00:00,Zanzibar,zanzibar,pressure,1014.9,statistical_anomaly,pressure=1014.9 z=2.64 (μ=1017.4 σ=0.9),medium
2026-07-09T16:50:39.159002+00:00,Dodoma,dodoma,pressure,1013.7,statistical_anomaly,pressure=1013.7 z=2.52 (μ=1018.5 σ=1.9),medium
2026-07-09T17:05:08.782867+00:00,Mwanza,mwanza,pressure,1010.9,statistical_anomaly,pressure=1010.9 z=2.66 (μ=1015.1 σ=1.6),medium
2026-07-09T17:20:09.294367+00:00,Mwanza,mwanza,pressure,1010.9,statistical_anomaly,pressure=1010.9 z=2.57 (μ=1015.0 σ=1.6),medium
2026-07-09T21:05:08.797679+00:00,Mwanza,mwanza,humidity,83.0,statistical_anomaly,humidity=83.0 z=2.71 (μ=50.7 σ=11.9),medium
2026-07-09T21:20:09.575974+00:00,Mwanza,mwanza,humidity,83.0,statistical_anomaly,humidity=83.0 z=2.58 (μ=51.0 σ=12.4),medium
2026-07-10T00:20:09.590885+00:00,Zanzibar,zanzibar,windspeed,5.3,statistical_anomaly,windspeed=5.3 z=2.55 (μ=14.5 σ=3.6),medium
2026-07-11T00:20:10.169374+00:00,Arusha,arusha,windspeed,4.6,statistical_anomaly,windspeed=4.6 z=3.56 (μ=12.0 σ=2.1),high
2026-07-11T00:35:09.093179+00:00,Arusha,arusha,windspeed,4.9,statistical_anomaly,windspeed=4.9 z=3.22 (μ=12.0 σ=2.2),medium
2026-07-11T00:50:09.975159+00:00,Arusha,arusha,windspeed,5.2,statistical_anomaly,windspeed=5.2 z=2.94 (μ=11.9 σ=2.3),medium
2026-07-11T01:05:09.806022+00:00,Arusha,arusha,windspeed,5.6,statistical_anomaly,windspeed=5.6 z=2.67 (μ=11.9 σ=2.4),medium
2026-07-11T12:20:09.863905+00:00,Dodoma,dodoma,windspeed,9.0,statistical_anomaly,windspeed=9.0 z=2.89 (μ=18.7 σ=3.4),medium
2026-07-11T12:35:08.669424+00:00,Dodoma,dodoma,windspeed,9.0,statistical_anomaly,windspeed=9.0 z=2.80 (μ=18.7 σ=3.4),medium
2026-07-11T12:50:10.566546+00:00,Dodoma,dodoma,windspeed,9.2,statistical_anomaly,windspeed=9.2 z=2.66 (μ=18.6 σ=3.5),medium
2026-07-11T21:05:08.700714+00:00,Mwanza,mwanza,windspeed,0.8,statistical_anomaly,windspeed=0.8 z=2.61 (μ=10.1 σ=3.6),medium
2026-07-12T11:50:09.775624+00:00,Dar es Salaam,dar_es_salaam,windspeed,14.2,statistical_anomaly,windspeed=14.2 z=2.81 (μ=8.6 σ=2.0),medium
2026-07-12T12:05:08.879014+00:00,Dar es Salaam,dar_es_salaam,windspeed,14.8,statistical_anomaly,windspeed=14.8 z=3.00 (μ=8.6 σ=2.1),medium
2026-07-12T12:35:09.075585+00:00,Dar es Salaam,dar_es_salaam,windspeed,14.2,statistical_anomaly,windspeed=14.2 z=2.58 (μ=8.7 σ=2.1),medium
2026-07-12T12:50:10.255416+00:00,Dar es Salaam,dar_es_salaam,windspeed,14.5,statistical_anomaly,windspeed=14.5 z=2.67 (μ=8.7 σ=2.2),medium
2026-07-12T13:05:09.260723+00:00,Dar es Salaam,dar_es_salaam,windspeed,14.6,statistical_anomaly,windspeed=14.6 z=2.66 (μ=8.7 σ=2.2),medium
2026-07-12T19:35:08.993630+00:00,Arusha,arusha,windspeed,14.8,statistical_anomaly,windspeed=14.8 z=3.02 (μ=10.2 σ=1.5),medium
2026-07-12T19:50:09.463244+00:00,Arusha,arusha,windspeed,15.6,statistical_anomaly,windspeed=15.6 z=3.29 (μ=10.2 σ=1.6),medium
2026-07-12T20:05:08.862463+00:00,Arusha,arusha,windspeed,16.0,statistical_anomaly,windspeed=16.0 z=3.29 (μ=10.3 σ=1.7),medium
2026-07-12T20:20:09.687360+00:00,Arusha,arusha,windspeed,15.7,statistical_anomaly,windspeed=15.7 z=2.94 (μ=10.4 σ=1.8),medium
2026-07-13T18:05:09.365549+00:00,Mwanza,mwanza,windspeed,17.9,statistical_anomaly,windspeed=17.9 z=2.59 (μ=6.9 σ=4.3),medium
2026-07-14T16:35:09.971632+00:00,Mwanza,mwanza,windspeed,1.8,statistical_anomaly,windspeed=1.8 z=2.52 (μ=13.6 σ=4.7),medium
2026-07-14T18:05:08.695035+00:00,Dodoma,dodoma,windspeed,28.1,statistical_anomaly,windspeed=28.1 z=2.60 (μ=19.3 σ=3.4),medium
2026-07-14T18:20:09.556460+00:00,Dodoma,dodoma,windspeed,28.2,statistical_anomaly,windspeed=28.2 z=2.55 (μ=19.4 σ=3.5),medium
2026-07-14T18:35:10.102988+00:00,Arusha,arusha,windspeed,18.9,statistical_anomaly,windspeed=18.9 z=3.21 (μ=12.7 σ=1.9),medium
2026-07-14T18:50:09.684118+00:00,Arusha,arusha,windspeed,20.6,statistical_anomaly,windspeed=20.6 z=3.84 (μ=12.7 σ=2.1),high
2026-07-14T19:05:09.755996+00:00,Arusha,arusha,windspeed,21.3,statistical_anomaly,windspeed=21.3 z=3.85 (μ=12.8 σ=2.2),high
2026-07-15T19:05:09.579728+00:00,Arusha,arusha,windspeed,18.4,statistical_anomaly,windspeed=18.4 z=2.62 (μ=11.3 σ=2.7),medium
2026-07-15T21:05:08.962047+00:00,Mwanza,mwanza,humidity,85.0,statistical_anomaly,humidity=85.0 z=3.06 (μ=53.8 σ=10.2),medium
2026-07-15T21:20:09.878816+00:00,Mwanza,mwanza,humidity,85.0,statistical_anomaly,humidity=85.0 z=2.91 (μ=54.1 σ=10.6),medium
2026-07-15T21:35:09.894496+00:00,Mwanza,mwanza,humidity,85.0,statistical_anomaly,humidity=85.0 z=2.78 (μ=54.3 σ=11.0),medium
2026-07-15T21:50:09.658797+00:00,Mwanza,mwanza,humidity,85.0,statistical_anomaly,humidity=85.0 z=2.67 (μ=54.5 σ=11.4),medium
2026-07-15T22:05:08.708419+00:00,Mwanza,mwanza,humidity,85.0,statistical_anomaly,humidity=85.0 z=2.56 (μ=54.7 σ=11.8),medium
2026-07-16T19:05:09.572712+00:00,Arusha,arusha,windspeed,20.5,statistical_anomaly,windspeed=20.5 z=3.50 (μ=11.0 σ=2.7),high
2026-07-16T19:20:10.271695+00:00,Arusha,arusha,windspeed,19.6,statistical_anomaly,windspeed=19.6 z=3.11 (μ=11.0 σ=2.8),medium
2026-07-17T15:05:09.465947+00:00,Arusha,arusha,windspeed,4.3,statistical_anomaly,windspeed=4.3 z=2.51 (μ=11.8 σ=3.0),medium
2026-07-18T09:05:09.198874+00:00,Mwanza,mwanza,windspeed,6.8,statistical_anomaly,windspeed=6.8 z=2.72 (μ=13.2 σ=2.4),medium
2026-07-18T09:20:09.712677+00:00,Mwanza,mwanza,windspeed,4.7,statistical_anomaly,windspeed=4.7 z=3.35 (μ=13.1 σ=2.5),medium
2026-07-18T09:35:09.675855+00:00,Mwanza,mwanza,windspeed,3.3,statistical_anomaly,windspeed=3.3 z=3.59 (μ=13.0 σ=2.7),high
2026-07-18T09:50:10.074984+00:00,Mwanza,mwanza,windspeed,4.4,statistical_anomaly,windspeed=4.4 z=3.00 (μ=12.9 σ=2.8),medium
2026-07-18T20:35:10.173641+00:00,Mwanza,mwanza,windspeed,3.8,statistical_anomaly,windspeed=3.8 z=2.59 (μ=12.4 σ=3.3),medium
2026-07-18T20:50:10.260018+00:00,Mwanza,mwanza,windspeed,3.0,statistical_anomaly,windspeed=3.0 z=2.70 (μ=12.3 σ=3.4),medium
2026-07-18T21:05:08.500217+00:00,Mwanza,mwanza,humidity,84.0,statistical_anomaly,humidity=84.0 z=2.93 (μ=53.6 σ=10.4),medium
2026-07-18T21:05:08.500217+00:00,Mwanza,mwanza,windspeed,2.7,statistical_anomaly,windspeed=2.7 z=2.66 (μ=12.2 σ=3.6),medium
2026-07-18T21:20:10.187667+00:00,Mwanza,mwanza,humidity,84.0,statistical_anomaly,humidity=84.0 z=2.77 (μ=53.9 σ=10.8),medium
2026-07-18T21:35:10.194601+00:00,Mwanza,mwanza,humidity,84.0,statistical_anomaly,humidity=84.0 z=2.64 (μ=54.2 σ=11.3),medium
2026-07-18T21:50:09.104020+00:00,Mwanza,mwanza,humidity,84.0,statistical_anomaly,humidity=84.0 z=2.52 (μ=54.6 σ=11.7),medium
2026-07-19T15:05:09.390713+00:00,Arusha,arusha,windspeed,7.5,statistical_anomaly,windspeed=7.5 z=2.56 (μ=11.3 σ=1.5),medium
2026-07-19T15:20:10.355369+00:00,Arusha,arusha,windspeed,6.6,statistical_anomaly,windspeed=6.6 z=3.22 (μ=11.3 σ=1.5),medium
2026-07-19T15:35:09.782252+00:00,Arusha,arusha,windspeed,5.8,statistical_anomaly,windspeed=5.8 z=3.66 (μ=11.3 σ=1.5),high
2026-07-19T15:50:10.571969+00:00,Arusha,arusha,windspeed,5.4,statistical_anomaly,windspeed=5.4 z=3.69 (μ=11.3 σ=1.6),high
2026-07-19T16:05:08.991175+00:00,Arusha,arusha,windspeed,5.7,statistical_anomaly,windspeed=5.7 z=3.31 (μ=11.3 σ=1.7),medium
2026-07-19T16:20:10.402454+00:00,Arusha,arusha,windspeed,6.3,statistical_anomaly,windspeed=6.3 z=2.82 (μ=11.2 σ=1.7),medium
2026-07-19T19:50:10.372147+00:00,Arusha,arusha,windspeed,18.6,statistical_anomaly,windspeed=18.6 z=3.62 (μ=10.9 σ=2.1),high
2026-07-19T20:05:08.662796+00:00,Arusha,arusha,windspeed,20.6,statistical_anomaly,windspeed=20.6 z=4.10 (μ=11.0 σ=2.3),high
2026-07-19T20:20:10.201057+00:00,Arusha,arusha,windspeed,20.8,statistical_anomaly,windspeed=20.8 z=3.82 (μ=11.1 σ=2.6),high
2026-07-19T20:35:10.094381+00:00,Arusha,arusha,windspeed,19.7,statistical_anomaly,windspeed=19.7 z=3.17 (μ=11.1 σ=2.7),medium
2026-07-19T20:50:09.771890+00:00,Arusha,arusha,windspeed,18.3,statistical_anomaly,windspeed=18.3 z=2.54 (μ=11.2 σ=2.8),medium
2026-07-20T10:50:09.986191+00:00,Mwanza,mwanza,windspeed,16.7,statistical_anomaly,windspeed=16.7 z=2.53 (μ=7.5 σ=3.6),medium
2026-07-20T11:05:08.985094+00:00,Mwanza,mwanza,windspeed,17.1,statistical_anomaly,windspeed=17.1 z=2.53 (μ=7.6 σ=3.7),medium
2026-07-22T06:20:09.896001+00:00,Zanzibar,zanzibar,windspeed,14.2,statistical_anomaly,windspeed=14.2 z=2.61 (μ=8.4 σ=2.2),medium
2026-07-22T06:35:39.977650+00:00,Zanzibar,zanzibar,windspeed,14.6,statistical_anomaly,windspeed=14.6 z=2.65 (μ=8.5 σ=2.3),medium
2026-07-22T06:50:11.199401+00:00,Zanzibar,zanzibar,windspeed,15.0,statistical_anomaly,windspeed=15.0 z=2.69 (μ=8.6 σ=2.4),medium
2026-07-22T07:05:21.058268+00:00,Zanzibar,zanzibar,windspeed,15.3,statistical_anomaly,windspeed=15.3 z=2.67 (μ=8.6 σ=2.5),medium
2026-07-22T07:20:11.287714+00:00,Zanzibar,zanzibar,windspeed,15.5,statistical_anomaly,windspeed=15.5 z=2.63 (μ=8.7 σ=2.6),medium
2026-07-22T07:35:10.560770+00:00,Zanzibar,zanzibar,windspeed,15.5,statistical_anomaly,windspeed=15.5 z=2.51 (μ=8.8 σ=2.7),medium
2026-07-22T09:05:09.063914+00:00,Dar es Salaam,dar_es_salaam,pressure,1019.0,statistical_anomaly,pressure=1019.0 z=2.78 (μ=1016.5 σ=0.9),medium
2026-07-22T09:05:09.063914+00:00,Zanzibar,zanzibar,pressure,1018.8,statistical_anomaly,pressure=1018.8 z=2.67 (μ=1016.4 σ=0.9),medium
2026-07-22T09:20:10.491013+00:00,Dar es Salaam,dar_es_salaam,pressure,1019.0,statistical_anomaly,pressure=1019.0 z=2.67 (μ=1016.5 σ=0.9),medium
2026-07-22T09:20:10.491013+00:00,Zanzibar,zanzibar,pressure,1018.8,statistical_anomaly,pressure=1018.8 z=2.58 (μ=1016.4 σ=0.9),medium
2026-07-22T09:35:10.155767+00:00,Dar es Salaam,dar_es_salaam,pressure,1019.0,statistical_anomaly,pressure=1019.0 z=2.57 (μ=1016.5 σ=1.0),medium
2026-07-22T10:05:09.577875+00:00,Zanzibar,zanzibar,pressure,1019.0,statistical_anomaly,pressure=1019.0 z=2.53 (μ=1016.4 σ=1.0),medium
2026-07-22T18:20:10.466034+00:00,Mwanza,mwanza,windspeed,4.7,statistical_anomaly,windspeed=4.7 z=2.68 (μ=10.3 σ=2.1),medium
2026-07-22T18:35:10.300451+00:00,Mwanza,mwanza,windspeed,3.6,statistical_anomaly,windspeed=3.6 z=3.05 (μ=10.2 σ=2.2),medium
2026-07-22T18:50:10.481030+00:00,Mwanza,mwanza,windspeed,2.6,statistical_anomaly,windspeed=2.6 z=3.28 (μ=10.2 σ=2.3),medium
2026-07-22T19:05:08.897162+00:00,Mwanza,mwanza,windspeed,3.9,statistical_anomaly,windspeed=3.9 z=2.59 (μ=10.1 σ=2.4),medium
2026-07-22T19:20:10.566765+00:00,Mwanza,mwanza,windspeed,3.4,statistical_anomaly,windspeed=3.4 z=2.67 (μ=10.0 σ=2.5),medium
2026-07-22T19:35:10.078156+00:00,Mwanza,mwanza,windspeed,3.1,statistical_anomaly,windspeed=3.1 z=2.66 (μ=10.0 σ=2.6),medium
2026-07-22T19:50:10.582299+00:00,Mwanza,mwanza,windspeed,2.7,statistical_anomaly,windspeed=2.7 z=2.71 (μ=9.9 σ=2.7),medium
2026-07-22T20:05:08.770686+00:00,Mwanza,mwanza,windspeed,2.5,statistical_anomaly,windspeed=2.5 z=2.68 (μ=9.9 σ=2.8),medium
2026-07-22T20:20:10.374598+00:00,Mwanza,mwanza,windspeed,2.1,statistical_anomaly,windspeed=2.1 z=2.73 (μ=9.8 σ=2.8),medium
2026-07-22T20:35:10.302645+00:00,Mwanza,mwanza,windspeed,1.9,statistical_anomaly,windspeed=1.9 z=2.70 (μ=9.8 σ=2.9),medium
2026-07-22T20:50:10.501935+00:00,Mwanza,mwanza,windspeed,1.6,statistical_anomaly,windspeed=1.6 z=2.70 (μ=9.8 σ=3.0),medium
2026-07-22T21:05:09.486766+00:00,Mwanza,mwanza,windspeed,1.2,statistical_anomaly,windspeed=1.2 z=2.74 (μ=9.7 σ=3.1),medium
2026-07-22T21:20:10.571874+00:00,Mwanza,mwanza,windspeed,0.8,statistical_anomaly,windspeed=0.8 z=2.78 (μ=9.7 σ=3.2),medium
2026-07-22T21:35:10.361547+00:00,Mwanza,mwanza,windspeed,0.4,statistical_anomaly,windspeed=0.4 z=2.79 (μ=9.6 σ=3.3),medium
2026-07-22T21:50:10.464896+00:00,Mwanza,mwanza,windspeed,0.4,statistical_anomaly,windspeed=0.4 z=2.65 (μ=9.5 σ=3.4),medium
2026-07-23T00:20:12.362941+00:00,Arusha,arusha,windspeed,7.6,statistical_anomaly,windspeed=7.6 z=2.67 (μ=11.9 σ=1.6),medium
2026-07-23T00:35:09.563046+00:00,Arusha,arusha,windspeed,7.6,statistical_anomaly,windspeed=7.6 z=2.60 (μ=11.9 σ=1.7),medium
2026-07-23T00:50:10.687659+00:00,Arusha,arusha,windspeed,7.6,statistical_anomaly,windspeed=7.6 z=2.52 (μ=11.9 σ=1.7),medium
2026-07-23T18:20:09.660271+00:00,Arusha,arusha,windspeed,17.3,statistical_anomaly,windspeed=17.3 z=2.59 (μ=11.9 σ=2.1),medium
2026-07-23T18:35:10.080740+00:00,Arusha,arusha,windspeed,17.5,statistical_anomaly,windspeed=17.5 z=2.57 (μ=12.0 σ=2.1),medium
2026-07-23T18:50:10.360288+00:00,Arusha,arusha,windspeed,17.8,statistical_anomaly,windspeed=17.8 z=2.59 (μ=12.0 σ=2.2),medium
2026-07-23T19:05:09.578534+00:00,Arusha,arusha,windspeed,18.4,statistical_anomaly,windspeed=18.4 z=2.72 (μ=12.1 σ=2.3),medium
2026-07-23T19:50:10.697018+00:00,Arusha,arusha,windspeed,18.5,statistical_anomaly,windspeed=18.5 z=2.52 (μ=12.2 σ=2.5),medium
2026-07-24T20:35:10.566591+00:00,Arusha,arusha,windspeed,16.9,statistical_anomaly,windspeed=16.9 z=3.39 (μ=10.9 σ=1.8),medium
2026-07-24T20:50:10.766124+00:00,Arusha,arusha,windspeed,19.5,statistical_anomaly,windspeed=19.5 z=4.39 (μ=11.0 σ=1.9),high
2026-07-24T21:05:09.854511+00:00,Arusha,arusha,windspeed,20.7,statistical_anomaly,windspeed=20.7 z=4.44 (μ=11.1 σ=2.2),high
2026-07-24T21:20:10.890704+00:00,Arusha,arusha,windspeed,20.3,statistical_anomaly,windspeed=20.3 z=3.87 (μ=11.1 σ=2.4),high
2026-07-24T21:35:10.388409+00:00,Arusha,arusha,windspeed,19.1,statistical_anomaly,windspeed=19.1 z=3.15 (μ=11.2 σ=2.5),medium
2026-07-25T12:35:10.774625+00:00,Dar es Salaam,dar_es_salaam,windspeed,17.1,statistical_anomaly,windspeed=17.1 z=2.52 (μ=11.4 σ=2.3),medium
2026-07-25T20:05:10.056491+00:00,Mwanza,mwanza,humidity,79.0,statistical_anomaly,humidity=79.0 z=2.87 (μ=49.0 σ=10.4),medium
2026-07-25T20:20:10.829097+00:00,Mwanza,mwanza,humidity,79.0,statistical_anomaly,humidity=79.0 z=2.80 (μ=49.1 σ=10.7),medium
2026-07-25T20:35:11.080787+00:00,Mwanza,mwanza,humidity,79.0,statistical_anomaly,humidity=79.0 z=2.73 (μ=49.2 σ=10.9),medium
2026-07-25T20:50:10.777865+00:00,Mwanza,mwanza,humidity,79.0,statistical_anomaly,humidity=79.0 z=2.66 (μ=49.3 σ=11.2),medium
2026-07-26T10:20:11.072057+00:00,Zanzibar,zanzibar,windspeed,25.9,statistical_anomaly,windspeed=25.9 z=2.60 (μ=17.9 σ=3.1),medium
2026-07-26T10:35:11.074865+00:00,Zanzibar,zanzibar,windspeed,26.7,statistical_anomaly,windspeed=26.7 z=2.72 (μ=18.0 σ=3.2),medium
2026-07-26T10:50:11.064033+00:00,Zanzibar,zanzibar,windspeed,27.4,statistical_anomaly,windspeed=27.4 z=2.79 (μ=18.1 σ=3.3),medium
2026-07-26T11:05:09.495111+00:00,Zanzibar,zanzibar,windspeed,28.2,statistical_anomaly,windspeed=28.2 z=2.87 (μ=18.2 σ=3.5),medium
2026-07-26T11:20:13.363245+00:00,Zanzibar,zanzibar,windspeed,28.9,statistical_anomaly,windspeed=28.9 z=2.90 (μ=18.3 σ=3.6),medium
2026-07-26T11:35:10.479386+00:00,Zanzibar,zanzibar,windspeed,29.7,statistical_anomaly,windspeed=29.7 z=2.95 (μ=18.4 σ=3.8),medium
2026-07-26T11:50:12.692296+00:00,Zanzibar,zanzibar,windspeed,30.4,statistical_anomaly,windspeed=30.4 z=2.97 (μ=18.5 σ=4.0),medium
2026-07-26T12:05:09.602211+00:00,Zanzibar,zanzibar,windspeed,30.8,statistical_anomaly,windspeed=30.8 z=2.91 (μ=18.6 σ=4.2),medium
2026-07-26T12:20:14.576404+00:00,Zanzibar,zanzibar,windspeed,31.0,statistical_anomaly,windspeed=31.0 z=2.82 (μ=18.7 σ=4.4),medium
2026-07-26T12:35:11.903421+00:00,Zanzibar,zanzibar,windspeed,30.4,statistical_anomaly,windspeed=30.4 z=2.57 (μ=18.8 σ=4.5),medium
2026-07-26T13:50:11.305879+00:00,Arusha,arusha,windspeed,19.7,statistical_anomaly,windspeed=19.7 z=2.60 (μ=13.8 σ=2.3),medium
2026-07-26T14:05:09.367030+00:00,Arusha,arusha,windspeed,20.0,statistical_anomaly,windspeed=20.0 z=2.60 (μ=13.9 σ=2.3),medium
2026-07-27T18:20:10.585043+00:00,Arusha,arusha,windspeed,8.7,statistical_anomaly,windspeed=8.7 z=2.52 (μ=13.9 σ=2.0),medium
2026-07-27T19:05:09.671549+00:00,Mwanza,mwanza,windspeed,1.5,statistical_anomaly,windspeed=1.5 z=2.57 (μ=12.3 σ=4.2),medium
2026-07-27T21:05:09.283602+00:00,Mwanza,mwanza,humidity,80.0,statistical_anomaly,humidity=80.0 z=3.58 (μ=49.9 σ=8.4),high
2026-07-27T21:20:10.870363+00:00,Mwanza,mwanza,humidity,80.0,statistical_anomaly,humidity=80.0 z=3.33 (μ=50.1 σ=9.0),medium
2026-07-27T21:35:10.410900+00:00,Mwanza,mwanza,humidity,80.0,statistical_anomaly,humidity=80.0 z=3.13 (μ=50.4 σ=9.5),medium
2026-07-27T21:50:10.585130+00:00,Mwanza,mwanza,humidity,80.0,statistical_anomaly,humidity=80.0 z=2.95 (μ=50.7 σ=9.9),medium
2026-07-27T22:05:09.678151+00:00,Mwanza,mwanza,humidity,80.0,statistical_anomaly,humidity=80.0 z=2.80 (μ=50.9 σ=10.4),medium
2026-07-27T22:20:10.688878+00:00,Mwanza,mwanza,humidity,80.0,statistical_anomaly,humidity=80.0 z=2.67 (μ=51.2 σ=10.8),medium
2026-07-27T22:35:10.302068+00:00,Mwanza,mwanza,humidity,80.0,statistical_anomaly,humidity=80.0 z=2.55 (μ=51.5 σ=11.2),medium
2026-07-29T00:05:09.474061+00:00,Arusha,arusha,windspeed,7.4,statistical_anomaly,windspeed=7.4 z=2.54 (μ=13.1 σ=2.2),medium
2026-07-29T00:20:12.968059+00:00,Arusha,arusha,windspeed,7.0,statistical_anomaly,windspeed=7.0 z=2.62 (μ=13.1 σ=2.3),medium
2026-07-29T00:35:11.084108+00:00,Arusha,arusha,windspeed,6.7,statistical_anomaly,windspeed=6.7 z=2.66 (μ=13.0 σ=2.4),medium
2026-07-29T00:35:11.084108+00:00,Zanzibar,zanzibar,windspeed,6.6,statistical_anomaly,windspeed=6.6 z=2.51 (μ=15.3 σ=3.5),medium
2026-07-29T00:50:11.183997+00:00,Arusha,arusha,windspeed,6.7,statistical_anomaly,windspeed=6.7 z=2.59 (μ=13.0 σ=2.4),medium
2026-07-29T00:50:11.183997+00:00,Zanzibar,zanzibar,windspeed,6.0,statistical_anomaly,windspeed=6.0 z=2.56 (μ=15.2 σ=3.6),medium
2026-07-29T01:05:10.167326+00:00,Mwanza,mwanza,humidity,88.0,statistical_anomaly,humidity=88.0 z=2.50 (μ=54.9 σ=13.3),medium
2026-07-29T01:05:10.167326+00:00,Zanzibar,zanzibar,windspeed,5.4,statistical_anomaly,windspeed=5.4 z=2.60 (μ=15.1 σ=3.7),medium
2026-07-29T01:20:14.085368+00:00,Zanzibar,zanzibar,windspeed,4.9,statistical_anomaly,windspeed=4.9 z=2.60 (μ=15.0 σ=3.9),medium
2026-07-29T01:35:10.692812+00:00,Zanzibar,zanzibar,windspeed,4.6,statistical_anomaly,windspeed=4.6 z=2.56 (μ=14.9 σ=4.0),medium
2026-07-29T01:50:10.976856+00:00,Zanzibar,zanzibar,windspeed,4.4,statistical_anomaly,windspeed=4.4 z=2.50 (μ=14.8 σ=4.1),medium
2026-07-29T09:05:10.172091+00:00,Dar es Salaam,dar_es_salaam,pressure,1020.4,statistical_anomaly,pressure=1020.4 z=2.53 (μ=1017.4 σ=1.2),medium
2026-07-29T09:05:10.172091+00:00,Mwanza,mwanza,pressure,1018.3,statistical_anomaly,pressure=1018.3 z=2.62 (μ=1013.8 σ=1.7),medium
2026-07-29T09:05:10.172091+00:00,Zanzibar,zanzibar,pressure,1020.3,statistical_anomaly,pressure=1020.3 z=2.58 (μ=1017.4 σ=1.1),medium
2026-07-29T09:20:13.516064+00:00,Mwanza,mwanza,pressure,1018.3,statistical_anomaly,pressure=1018.3 z=2.52 (μ=1013.9 σ=1.8),medium
2026-07-29T20:50:10.580632+00:00,Arusha,arusha,windspeed,17.2,statistical_anomaly,windspeed=17.2 z=2.71 (μ=10.6 σ=2.4),medium
2026-07-29T21:05:09.201267+00:00,Arusha,arusha,windspeed,17.8,statistical_anomaly,windspeed=17.8 z=2.85 (μ=10.7 σ=2.5),medium
2026-07-29T21:20:10.656946+00:00,Arusha,arusha,windspeed,17.6,statistical_anomaly,windspeed=17.6 z=2.67 (μ=10.7 σ=2.6),medium
2026-07-30T17:05:09.564379+00:00,Mwanza,mwanza,pressure,1012.7,statistical_anomaly,pressure=1012.7 z=2.51 (μ=1016.0 σ=1.3),medium
2026-07-30T20:50:10.968710+00:00,Mwanza,mwanza,windspeed,1.5,statistical_anomaly,windspeed=1.5 z=2.68 (μ=7.8 σ=2.3),medium
2026-07-30T21:05:10.267052+00:00,Mwanza,mwanza,windspeed,1.3,statistical_anomaly,windspeed=1.3 z=2.63 (μ=7.7 σ=2.4),medium
2026-07-31T12:20:11.516192+00:00,Zanzibar,zanzibar,windspeed,20.7,statistical_anomaly,windspeed=20.7 z=2.67 (μ=13.8 σ=2.6),medium
2026-07-31T12:35:10.253835+00:00,Zanzibar,zanzibar,windspeed,21.2,statistical_anomaly,windspeed=21.2 z=2.76 (μ=13.8 σ=2.7),medium
2026-07-31T12:50:10.695870+00:00,Zanzibar,zanzibar,windspeed,21.5,statistical_anomaly,windspeed=21.5 z=2.76 (μ=13.9 σ=2.8),medium
2026-07-31T13:05:09.597872+00:00,Zanzibar,zanzibar,windspeed,21.9,statistical_anomaly,windspeed=21.9 z=2.78 (μ=13.9 σ=2.9),medium
2026-07-31T13:20:11.694054+00:00,Zanzibar,zanzibar,windspeed,22.1,statistical_anomaly,windspeed=22.1 z=2.73 (μ=14.0 σ=3.0),medium
2026-07-31T13:35:09.895730+00:00,Zanzibar,zanzibar,windspeed,21.9,statistical_anomaly,windspeed=21.9 z=2.55 (μ=14.0 σ=3.1),medium
2026-07-31T16:05:09.865008+00:00,Mwanza,mwanza,pressure,1010.8,statistical_anomaly,pressure=1010.8 z=2.70 (μ=1014.8 σ=1.5),medium
2026-07-31T16:20:11.061209+00:00,Mwanza,mwanza,pressure,1010.8,statistical_anomaly,pressure=1010.8 z=2.59 (μ=1014.8 σ=1.5),medium
2026-07-31T17:05:09.092474+00:00,Mwanza,mwanza,pressure,1009.8,statistical_anomaly,pressure=1009.8 z=2.89 (μ=1014.7 σ=1.7),medium
2026-07-31T17:20:10.678189+00:00,Mwanza,mwanza,pressure,1009.8,statistical_anomaly,pressure=1009.8 z=2.77 (μ=1014.7 σ=1.8),medium
2026-07-31T17:35:10.977489+00:00,Mwanza,mwanza,pressure,1009.8,statistical_anomaly,pressure=1009.8 z=2.67 (μ=1014.6 σ=1.8),medium
2026-07-31T17:50:10.274686+00:00,Mwanza,mwanza,pressure,1009.8,statistical_anomaly,pressure=1009.8 z=2.57 (μ=1014.6 σ=1.9),medium
2026-07-31T18:05:09.900286+00:00,Mwanza,mwanza,pressure,1009.7,statistical_anomaly,pressure=1009.7 z=2.53 (μ=1014.6 σ=1.9),medium
2026-07-31T18:50:10.568960+00:00,Arusha,arusha,windspeed,15.5,statistical_anomaly,windspeed=15.5 z=3.18 (μ=10.7 σ=1.5),medium
2026-08-01T08:35:10.483668+00:00,Dar es Salaam,dar_es_salaam,windspeed,18.2,statistical_anomaly,windspeed=18.2 z=2.57 (μ=12.0 σ=2.4),medium
2026-08-01T08:50:10.878107+00:00,Dar es Salaam,dar_es_salaam,windspeed,18.7,statistical_anomaly,windspeed=18.7 z=2.64 (μ=12.1 σ=2.5),medium
2026-08-01T09:05:09.185730+00:00,Dar es Salaam,dar_es_salaam,windspeed,19.2,statistical_anomaly,windspeed=19.2 z=2.70 (μ=12.2 σ=2.6),medium
2026-08-01T09:20:11.058164+00:00,Dar es Salaam,dar_es_salaam,windspeed,19.4,statistical_anomaly,windspeed=19.4 z=2.65 (μ=12.3 σ=2.7),medium
2026-08-01T09:35:10.374379+00:00,Dar es Salaam,dar_es_salaam,windspeed,19.4,statistical_anomaly,windspeed=19.4 z=2.53 (μ=12.3 σ=2.8),medium
2026-08-01T11:50:10.816109+00:00,Zanzibar,zanzibar,windspeed,28.1,statistical_anomaly,windspeed=28.1 z=2.59 (μ=16.5 σ=4.5),medium
2026-08-01T12:05:10.299668+00:00,Zanzibar,zanzibar,windspeed,29.0,statistical_anomaly,windspeed=29.0 z=2.66 (μ=16.6 σ=4.7),medium
2026-08-01T12:20:10.355668+00:00,Zanzibar,zanzibar,windspeed,32.4,statistical_anomaly,windspeed=32.4 z=3.19 (μ=16.7 σ=4.9),medium
2026-08-01T12:35:10.666822+00:00,Zanzibar,zanzibar,windspeed,32.2,statistical_anomaly,windspeed=32.2 z=2.99 (μ=16.8 σ=5.1),medium
2026-08-01T12:50:11.873853+00:00,Zanzibar,zanzibar,windspeed,31.5,statistical_anomaly,windspeed=31.5 z=2.73 (μ=16.9 σ=5.3),medium
2026-08-01T13:05:09.192182+00:00,Zanzibar,zanzibar,windspeed,30.9,statistical_anomaly,windspeed=30.9 z=2.52 (μ=17.0 σ=5.5),medium
2026-08-02T19:05:10.187100+00:00,Mwanza,mwanza,windspeed,4.1,statistical_anomaly,windspeed=4.1 z=2.58 (μ=11.9 σ=3.0),medium
2026-08-02T19:20:10.699693+00:00,Mwanza,mwanza,windspeed,3.1,statistical_anomaly,windspeed=3.1 z=2.88 (μ=11.9 σ=3.1),medium
2026-08-02T19:35:10.386580+00:00,Mwanza,mwanza,windspeed,2.4,statistical_anomaly,windspeed=2.4 z=3.08 (μ=11.9 σ=3.1),medium
2026-08-02T19:50:10.759115+00:00,Mwanza,mwanza,windspeed,2.0,statistical_anomaly,windspeed=2.0 z=3.18 (μ=11.9 σ=3.1),medium
2026-08-02T20:05:09.599506+00:00,Mwanza,mwanza,windspeed,1.9,statistical_anomaly,windspeed=1.9 z=3.16 (μ=11.8 σ=3.1),medium
2026-08-02T20:20:10.967453+00:00,Mwanza,mwanza,windspeed,1.7,statistical_anomaly,windspeed=1.7 z=3.15 (μ=11.8 σ=3.2),medium
2026-08-02T20:35:10.265860+00:00,Arusha,arusha,windspeed,15.1,statistical_anomaly,windspeed=15.1 z=2.59 (μ=10.8 σ=1.6),medium
2026-08-02T20:35:10.265860+00:00,Mwanza,mwanza,windspeed,1.6,statistical_anomaly,windspeed=1.6 z=3.07 (μ=11.8 σ=3.3),medium
2026-08-02T20:50:10.767119+00:00,Arusha,arusha,windspeed,15.7,statistical_anomaly,windspeed=15.7 z=2.85 (μ=10.8 σ=1.7),medium
2026-08-02T20:50:10.767119+00:00,Mwanza,mwanza,windspeed,1.6,statistical_anomaly,windspeed=1.6 z=2.95 (μ=11.7 σ=3.4),medium
2026-08-02T21:05:09.396918+00:00,Arusha,arusha,windspeed,16.2,statistical_anomaly,windspeed=16.2 z=3.01 (μ=10.9 σ=1.8),medium
2026-08-02T21:05:09.396918+00:00,Mwanza,mwanza,humidity,87.0,statistical_anomaly,humidity=87.0 z=3.50 (μ=55.4 σ=9.0),high
2026-08-02T21:05:09.396918+00:00,Mwanza,mwanza,windspeed,1.6,statistical_anomaly,windspeed=1.6 z=2.82 (μ=11.7 σ=3.6),medium
2026-08-02T21:20:10.179357+00:00,Arusha,arusha,windspeed,16.2,statistical_anomaly,windspeed=16.2 z=2.87 (μ=10.9 σ=1.8),medium
2026-08-02T21:20:10.179357+00:00,Mwanza,mwanza,humidity,87.0,statistical_anomaly,humidity=87.0 z=3.29 (μ=55.6 σ=9.5),medium
2026-08-02T21:20:10.179357+00:00,Mwanza,mwanza,windspeed,1.8,statistical_anomaly,windspeed=1.8 z=2.65 (μ=11.6 σ=3.7),medium
2026-08-02T21:35:09.799888+00:00,Arusha,arusha,windspeed,15.8,statistical_anomaly,windspeed=15.8 z=2.55 (μ=11.0 σ=1.9),medium
2026-08-02T21:35:09.799888+00:00,Mwanza,mwanza,humidity,87.0,statistical_anomaly,humidity=87.0 z=3.11 (μ=55.8 σ=10.0),medium
2026-08-02T21:35:09.799888+00:00,Mwanza,mwanza,windspeed,2.0,statistical_anomaly,windspeed=2.0 z=2.50 (μ=11.5 σ=3.8),medium
2026-08-02T21:50:10.790425+00:00,Mwanza,mwanza,humidity,87.0,statistical_anomaly,humidity=87.0 z=2.95 (μ=56.0 σ=10.5),medium
2026-08-02T22:05:10.092394+00:00,Mwanza,mwanza,humidity,87.0,statistical_anomaly,humidity=87.0 z=2.82 (μ=56.3 σ=10.9),medium
2026-08-02T22:20:10.472343+00:00,Mwanza,mwanza,humidity,87.0,statistical_anomaly,humidity=87.0 z=2.69 (μ=56.5 σ=11.3),medium
2026-08-02T22:35:10.994018+00:00,Mwanza,mwanza,humidity,87.0,statistical_anomaly,humidity=87.0 z=2.59 (μ=56.7 σ=11.7),medium
2026-08-03T18:50:10.466729+00:00,Arusha,arusha,windspeed,9.6,statistical_anomaly,windspeed=9.6 z=2.54 (μ=13.5 σ=1.5),medium
2026-08-04T00:05:12.391797+00:00,Mwanza,mwanza,windspeed,14.4,statistical_anomaly,windspeed=14.4 z=2.90 (μ=7.4 σ=2.4),medium
2026-08-04T15:05:09.703665+00:00,Zanzibar,zanzibar,humidity,53.0,statistical_anomaly,humidity=53.0 z=2.51 (μ=77.6 σ=9.8),medium
2026-08-04T18:05:10.266287+00:00,Arusha,arusha,windspeed,17.3,statistical_anomaly,windspeed=17.3 z=2.84 (μ=12.3 σ=1.8),medium
2026-08-04T18:20:12.388843+00:00,Arusha,arusha,windspeed,18.0,statistical_anomaly,windspeed=18.0 z=3.05 (μ=12.4 σ=1.8),medium
2026-08-04T18:35:10.568361+00:00,Arusha,arusha,windspeed,18.5,statistical_anomaly,windspeed=18.5 z=3.12 (μ=12.4 σ=1.9),medium
2026-08-05T00:20:13.655344+00:00,Arusha,arusha,windspeed,7.8,statistical_anomaly,windspeed=7.8 z=2.75 (μ=12.7 σ=1.8),medium
2026-08-05T00:35:11.075613+00:00,Arusha,arusha,windspeed,8.0,statistical_anomaly,windspeed=8.0 z=2.62 (μ=12.6 σ=1.8),medium
2026-08-05T15:05:09.985267+00:00,Dar es Salaam,dar_es_salaam,pressure,1016.0,statistical_anomaly,pressure=1016.0 z=2.62 (μ=1018.1 σ=0.8),medium
2026-08-05T15:20:11.089205+00:00,Dar es Salaam,dar_es_salaam,pressure,1016.0,statistical_anomaly,pressure=1016.0 z=2.50 (μ=1018.1 σ=0.8),medium
2026-08-05T16:05:09.988545+00:00,Arusha,arusha,pressure,1016.4,statistical_anomaly,pressure=1016.4 z=2.51 (μ=1020.2 σ=1.5),medium
2026-08-05T17:05:10.559869+00:00,Arusha,arusha,pressure,1015.9,statistical_anomaly,pressure=1015.9 z=2.54 (μ=1020.1 σ=1.6),medium
2026-08-05T19:35:10.177740+00:00,Arusha,arusha,windspeed,16.2,statistical_anomaly,windspeed=16.2 z=2.61 (μ=11.2 σ=1.9),medium
2026-08-05T19:50:12.165598+00:00,Arusha,arusha,windspeed,19.3,statistical_anomaly,windspeed=19.3 z=3.88 (μ=11.3 σ=2.1),high
2026-08-05T20:05:10.280485+00:00,Arusha,arusha,windspeed,21.0,statistical_anomaly,windspeed=21.0 z=4.22 (μ=11.4 σ=2.3),high
2026-08-05T20:20:11.967033+00:00,Arusha,arusha,windspeed,20.5,statistical_anomaly,windspeed=20.5 z=3.68 (μ=11.4 σ=2.5),high
2026-08-05T20:35:10.302946+00:00,Arusha,arusha,windspeed,18.6,statistical_anomaly,windspeed=18.6 z=2.77 (μ=11.5 σ=2.6),medium
2026-08-06T10:50:10.600118+00:00,Zanzibar,zanzibar,windspeed,20.5,statistical_anomaly,windspeed=20.5 z=2.50 (μ=15.9 σ=1.8),medium
2026-08-06T11:05:09.702906+00:00,Zanzibar,zanzibar,windspeed,21.0,statistical_anomaly,windspeed=21.0 z=2.67 (μ=16.0 σ=1.9),medium
2026-08-06T11:20:10.794327+00:00,Zanzibar,zanzibar,windspeed,21.4,statistical_anomaly,windspeed=21.4 z=2.77 (μ=16.0 σ=1.9),medium
2026-08-06T11:35:10.258693+00:00,Zanzibar,zanzibar,windspeed,21.7,statistical_anomaly,windspeed=21.7 z=2.79 (μ=16.0 σ=2.0),medium
2026-08-06T11:50:10.693197+00:00,Zanzibar,zanzibar,windspeed,21.7,statistical_anomaly,windspeed=21.7 z=2.68 (μ=16.1 σ=2.1),medium
2026-08-06T12:05:09.682035+00:00,Zanzibar,zanzibar,windspeed,21.8,statistical_anomaly,windspeed=21.8 z=2.61 (μ=16.1 σ=2.2),medium
2026-08-06T12:20:10.775451+00:00,Zanzibar,zanzibar,windspeed,22.0,statistical_anomaly,windspeed=22.0 z=2.59 (μ=16.2 σ=2.3),medium
2026-08-07T13:20:12.475689+00:00,Dar es Salaam,dar_es_salaam,windspeed,15.6,statistical_anomaly,windspeed=15.6 z=2.53 (μ=10.9 σ=1.9),medium
2026-08-07T13:35:09.664730+00:00,Dar es Salaam,dar_es_salaam,windspeed,16.2,statistical_anomaly,windspeed=16.2 z=2.83 (μ=10.9 σ=1.9),medium
2026-08-07T13:50:12.371751+00:00,Dar es Salaam,dar_es_salaam,windspeed,16.8,statistical_anomaly,windspeed=16.8 z=3.07 (μ=10.9 σ=1.9),medium
2026-08-07T14:05:09.987461+00:00,Dar es Salaam,dar_es_salaam,windspeed,17.0,statistical_anomaly,windspeed=17.0 z=3.07 (μ=10.9 σ=2.0),medium
2026-08-07T14:20:12.765834+00:00,Dar es Salaam,dar_es_salaam,windspeed,16.7,statistical_anomaly,windspeed=16.7 z=2.82 (μ=10.9 σ=2.0),medium
2026-08-07T17:05:09.975954+00:00,Dodoma,dodoma,windspeed,28.1,statistical_anomaly,windspeed=28.1 z=2.55 (μ=20.1 σ=3.1),medium
2026-08-07T17:20:12.376908+00:00,Dodoma,dodoma,windspeed,28.6,statistical_anomaly,windspeed=28.6 z=2.63 (μ=20.2 σ=3.2),medium
2026-08-07T17:35:09.754999+00:00,Dodoma,dodoma,windspeed,28.7,statistical_anomaly,windspeed=28.7 z=2.60 (μ=20.2 σ=3.3),medium
2026-08-07T17:50:11.570417+00:00,Dodoma,dodoma,windspeed,28.6,statistical_anomaly,windspeed=28.6 z=2.52 (μ=20.2 σ=3.3),medium
2026-08-08T09:50:11.083614+00:00,Dar es Salaam,dar_es_salaam,windspeed,2.2,statistical_anomaly,windspeed=2.2 z=3.15 (μ=10.6 σ=2.7),medium
2026-08-08T10:05:09.391262+00:00,Dar es Salaam,dar_es_salaam,windspeed,2.5,statistical_anomaly,windspeed=2.5 z=2.88 (μ=10.6 σ=2.8),medium
2026-08-08T10:20:10.976910+00:00,Dar es Salaam,dar_es_salaam,windspeed,1.5,statistical_anomaly,windspeed=1.5 z=3.04 (μ=10.5 σ=3.0),medium
2026-08-08T10:35:09.989314+00:00,Dar es Salaam,dar_es_salaam,windspeed,2.4,statistical_anomaly,windspeed=2.4 z=2.61 (μ=10.4 σ=3.1),medium
2026-08-08T18:35:09.802042+00:00,Arusha,arusha,windspeed,20.9,statistical_anomaly,windspeed=20.9 z=2.58 (μ=13.5 σ=2.9),medium
2026-08-08T18:50:11.671817+00:00,Arusha,arusha,windspeed,22.3,statistical_anomaly,windspeed=22.3 z=2.96 (μ=13.5 σ=3.0),medium
2026-08-09T15:05:09.771823+00:00,Zanzibar,zanzibar,humidity,59.0,statistical_anomaly,humidity=59.0 z=2.66 (μ=81.5 σ=8.4),medium
2026-08-09T15:20:10.776157+00:00,Zanzibar,zanzibar,humidity,59.0,statistical_anomaly,humidity=59.0 z=2.57 (μ=81.3 σ=8.7),medium
2026-08-09T16:05:09.701635+00:00,Mwanza,mwanza,windspeed,3.2,statistical_anomaly,windspeed=3.2 z=2.54 (μ=12.7 σ=3.7),medium
2026-08-09T16:20:11.105156+00:00,Mwanza,mwanza,windspeed,2.3,statistical_anomaly,windspeed=2.3 z=2.67 (μ=12.6 σ=3.9),medium
2026-08-09T18:50:10.958042+00:00,Arusha,arusha,windspeed,21.2,statistical_anomaly,windspeed=21.2 z=3.30 (μ=14.1 σ=2.2),medium
2026-08-09T19:05:10.661374+00:00,Arusha,arusha,windspeed,22.2,statistical_anomaly,windspeed=22.2 z=3.49 (μ=14.1 σ=2.3),medium
2026-08-09T21:05:09.592765+00:00,Mwanza,mwanza,humidity,73.0,statistical_anomaly,humidity=73.0 z=2.73 (μ=46.3 σ=9.8),medium
2026-08-09T21:20:10.703980+00:00,Mwanza,mwanza,humidity,73.0,statistical_anomaly,humidity=73.0 z=2.60 (μ=46.7 σ=10.1),medium
2026-08-10T18:05:10.303610+00:00,Arusha,arusha,windspeed,19.9,statistical_anomaly,windspeed=19.9 z=2.50 (μ=14.7 σ=2.1),medium
2026-08-10T19:35:10.369249+00:00,Arusha,arusha,windspeed,20.1,statistical_anomaly,windspeed=20.1 z=2.57 (μ=14.8 σ=2.1),medium
2026-08-10T19:50:13.363271+00:00,Arusha,arusha,windspeed,20.4,statistical_anomaly,windspeed=20.4 z=2.64 (μ=14.8 σ=2.1),medium
2026-08-11T00:20:12.982392+00:00,Arusha,arusha,windspeed,7.2,statistical_anomaly,windspeed=7.2 z=2.69 (μ=14.2 σ=2.6),medium
2026-08-13T17:35:11.572555+00:00,Mwanza,mwanza,humidity,18.0,statistical_anomaly,humidity=18.0 z=2.65 (μ=42.7 σ=9.3),medium
2026-08-13T17:50:13.881323+00:00,Mwanza,mwanza,humidity,18.0,statistical_anomaly,humidity=18.0 z=2.54 (μ=42.4 σ=9.6),medium
2026-08-13T18:05:09.866254+00:00,Mwanza,mwanza,humidity,17.0,statistical_anomaly,humidity=17.0 z=2.52 (μ=42.1 σ=9.9),medium
2026-08-14T05:50:11.765546+00:00,Dar es Salaam,dar_es_salaam,windspeed,16.8,statistical_anomaly,windspeed=16.8 z=2.65 (μ=9.9 σ=2.6),medium
2026-08-14T06:05:12.391941+00:00,Dar es Salaam,dar_es_salaam,windspeed,17.4,statistical_anomaly,windspeed=17.4 z=2.73 (μ=10.0 σ=2.7),medium
2026-08-14T06:20:11.672310+00:00,Dar es Salaam,dar_es_salaam,windspeed,17.5,statistical_anomaly,windspeed=17.5 z=2.64 (μ=10.1 σ=2.8),medium
2026-08-14T06:35:10.273132+00:00,Dar es Salaam,dar_es_salaam,windspeed,17.5,statistical_anomaly,windspeed=17.5 z=2.53 (μ=10.2 σ=2.9),medium
2026-08-14T09:05:10.183649+00:00,Dar es Salaam,dar_es_salaam,windspeed,19.7,statistical_anomaly,windspeed=19.7 z=2.71 (μ=11.4 σ=3.1),medium
2026-08-14T09:20:10.902300+00:00,Dar es Salaam,dar_es_salaam,windspeed,19.8,statistical_anomaly,windspeed=19.8 z=2.64 (μ=11.5 σ=3.1),medium
2026-08-14T09:35:10.082329+00:00,Dodoma,dodoma,windspeed,9.6,statistical_anomaly,windspeed=9.6 z=2.54 (μ=16.8 σ=2.9),medium
2026-08-14T09:50:11.698027+00:00,Dodoma,dodoma,windspeed,9.1,statistical_anomaly,windspeed=9.1 z=2.59 (μ=16.7 σ=3.0),medium
2026-08-14T10:05:15.600413+00:00,Dodoma,dodoma,windspeed,8.6,statistical_anomaly,windspeed=8.6 z=2.62 (μ=16.7 σ=3.1),medium
2026-08-14T10:20:11.696953+00:00,Dodoma,dodoma,windspeed,8.3,statistical_anomaly,windspeed=8.3 z=2.59 (μ=16.6 σ=3.2),medium
2026-08-14T10:35:09.390730+00:00,Dodoma,dodoma,windspeed,8.2,statistical_anomaly,windspeed=8.2 z=2.51 (μ=16.5 σ=3.3),medium
2026-08-14T10:35:09.390730+00:00,Zanzibar,zanzibar,windspeed,23.2,statistical_anomaly,windspeed=23.2 z=2.65 (μ=14.6 σ=3.3),medium
2026-08-14T10:50:11.678126+00:00,Zanzibar,zanzibar,windspeed,24.5,statistical_anomaly,windspeed=24.5 z=2.90 (μ=14.7 σ=3.4),medium
2026-08-14T11:05:09.855297+00:00,Zanzibar,zanzibar,windspeed,25.6,statistical_anomaly,windspeed=25.6 z=3.05 (μ=14.9 σ=3.5),medium
2026-08-14T11:20:11.574928+00:00,Zanzibar,zanzibar,windspeed,26.5,statistical_anomaly,windspeed=26.5 z=3.10 (μ=15.0 σ=3.7),medium
2026-08-14T11:35:10.369263+00:00,Zanzibar,zanzibar,windspeed,27.3,statistical_anomaly,windspeed=27.3 z=3.11 (μ=15.2 σ=3.9),medium
2026-08-14T11:50:14.688355+00:00,Zanzibar,zanzibar,windspeed,27.9,statistical_anomaly,windspeed=27.9 z=3.07 (μ=15.3 σ=4.1),medium
2026-08-14T12:05:10.077531+00:00,Zanzibar,zanzibar,windspeed,28.3,statistical_anomaly,windspeed=28.3 z=2.98 (μ=15.5 σ=4.3),medium
2026-08-14T12:20:12.102111+00:00,Zanzibar,zanzibar,windspeed,28.6,statistical_anomaly,windspeed=28.6 z=2.88 (μ=15.6 σ=4.5),medium
2026-08-14T12:35:10.583164+00:00,Zanzibar,zanzibar,windspeed,28.5,statistical_anomaly,windspeed=28.5 z=2.71 (μ=15.8 σ=4.7),medium
2026-08-14T12:50:11.382531+00:00,Zanzibar,zanzibar,windspeed,28.1,statistical_anomaly,windspeed=28.1 z=2.51 (μ=15.9 σ=4.9),medium
2026-08-14T13:35:10.399466+00:00,Arusha,arusha,windspeed,18.6,statistical_anomaly,windspeed=18.6 z=2.61 (μ=14.2 σ=1.7),medium
2026-08-14T13:50:11.459576+00:00,Arusha,arusha,windspeed,18.8,statistical_anomaly,windspeed=18.8 z=2.60 (μ=14.2 σ=1.7),medium
2026-08-15T13:20:16.609851+00:00,Mwanza,mwanza,windspeed,10.5,statistical_anomaly,windspeed=10.5 z=2.52 (μ=17.2 σ=2.7),medium
2026-08-15T13:35:12.566317+00:00,Mwanza,mwanza,windspeed,9.3,statistical_anomaly,windspeed=9.3 z=2.81 (μ=17.1 σ=2.8),medium
2026-08-15T13:50:11.483895+00:00,Mwanza,mwanza,windspeed,8.3,statistical_anomaly,windspeed=8.3 z=2.98 (μ=17.0 σ=2.9),medium
2026-08-15T14:05:15.853924+00:00,Mwanza,mwanza,windspeed,7.2,statistical_anomaly,windspeed=7.2 z=3.15 (μ=16.9 σ=3.1),medium
