timestamp,city,city_key,model_type,mae,data_points,next_hour_prediction
2026-06-28T13:49:45.614042+00:00,Dar es Salaam,dar_es_salaam,api_fallback,,1,
2026-06-28T13:49:45.614073+00:00,Dodoma,dodoma,api_fallback,,1,
2026-06-28T13:49:45.614082+00:00,Arusha,arusha,api_fallback,,1,
2026-06-28T13:49:45.614087+00:00,Mwanza,mwanza,api_fallback,,1,
2026-06-28T13:49:45.614092+00:00,Zanzibar,zanzibar,api_fallback,,1,
2026-06-28T14:21:13.679500+00:00,Dar es Salaam,dar_es_salaam,api_fallback,,2,
2026-06-28T14:21:13.679526+00:00,Dodoma,dodoma,api_fallback,,2,
2026-06-28T14:21:13.679535+00:00,Arusha,arusha,api_fallback,,2,
2026-06-28T14:21:13.679542+00:00,Mwanza,mwanza,api_fallback,,2,
2026-06-28T14:21:13.679548+00:00,Zanzibar,zanzibar,api_fallback,,2,
2026-06-28T14:35:32.757985+00:00,Dar es Salaam,dar_es_salaam,api_fallback,,3,
2026-06-28T14:35:32.758024+00:00,Dodoma,dodoma,api_fallback,,3,
2026-06-28T14:35:32.758034+00:00,Arusha,arusha,api_fallback,,3,
2026-06-28T14:35:32.758042+00:00,Mwanza,mwanza,api_fallback,,3,
2026-06-28T14:35:32.758049+00:00,Zanzibar,zanzibar,api_fallback,,3,
2026-06-28T15:11:13.319861+00:00,Dar es Salaam,dar_es_salaam,api_fallback,,4,
2026-06-28T15:11:13.319889+00:00,Dodoma,dodoma,api_fallback,,4,
2026-06-28T15:11:13.319900+00:00,Arusha,arusha,api_fallback,,4,
2026-06-28T15:11:13.319909+00:00,Mwanza,mwanza,api_fallback,,4,
2026-06-28T15:11:13.319916+00:00,Zanzibar,zanzibar,api_fallback,,4,
2026-06-28T15:44:16.792216+00:00,Dar es Salaam,dar_es_salaam,api_fallback,,5,
2026-06-28T15:44:16.792247+00:00,Dodoma,dodoma,api_fallback,,5,
2026-06-28T15:44:16.792258+00:00,Arusha,arusha,api_fallback,,5,
2026-06-28T15:44:16.792268+00:00,Mwanza,mwanza,api_fallback,,5,
2026-06-28T15:44:16.792301+00:00,Zanzibar,zanzibar,api_fallback,,5,
2026-06-28T16:14:29.130104+00:00,Dar es Salaam,dar_es_salaam,api_fallback,,6,
2026-06-28T16:14:29.130134+00:00,Dodoma,dodoma,api_fallback,,6,
2026-06-28T16:14:29.130145+00:00,Arusha,arusha,api_fallback,,6,
2026-06-28T16:14:29.130154+00:00,Mwanza,mwanza,api_fallback,,6,
2026-06-28T16:14:29.130164+00:00,Zanzibar,zanzibar,api_fallback,,6,
2026-06-28T16:44:20.904359+00:00,Dar es Salaam,dar_es_salaam,api_fallback,,7,
2026-06-28T16:44:20.904391+00:00,Dodoma,dodoma,api_fallback,,7,
2026-06-28T16:44:20.904403+00:00,Arusha,arusha,api_fallback,,7,
2026-06-28T16:44:20.904413+00:00,Mwanza,mwanza,api_fallback,,7,
2026-06-28T16:44:20.904424+00:00,Zanzibar,zanzibar,api_fallback,,7,
2026-06-28T17:14:42.227936+00:00,Dar es Salaam,dar_es_salaam,api_fallback,,8,
2026-06-28T17:14:42.227964+00:00,Dodoma,dodoma,api_fallback,,8,
2026-06-28T17:14:42.227974+00:00,Arusha,arusha,api_fallback,,8,
2026-06-28T17:14:42.227984+00:00,Mwanza,mwanza,api_fallback,,8,
2026-06-28T17:14:42.227993+00:00,Zanzibar,zanzibar,api_fallback,,8,
2026-06-28T17:45:00.176124+00:00,Dar es Salaam,dar_es_salaam,api_fallback,,9,
2026-06-28T17:45:00.176157+00:00,Dodoma,dodoma,api_fallback,,9,
2026-06-28T17:45:00.176172+00:00,Arusha,arusha,api_fallback,,9,
2026-06-28T17:45:00.176185+00:00,Mwanza,mwanza,api_fallback,,9,
2026-06-28T17:45:00.176197+00:00,Zanzibar,zanzibar,api_fallback,,9,
2026-06-28T18:13:37.612827+00:00,Dar es Salaam,dar_es_salaam,api_fallback,,10,
2026-06-28T18:13:37.612860+00:00,Dodoma,dodoma,api_fallback,,10,
2026-06-28T18:13:37.612876+00:00,Arusha,arusha,api_fallback,,10,
2026-06-28T18:13:37.612890+00:00,Mwanza,mwanza,api_fallback,,10,
2026-06-28T18:13:37.612903+00:00,Zanzibar,zanzibar,api_fallback,,10,
2026-06-28T18:44:29.070362+00:00,Dar es Salaam,dar_es_salaam,api_fallback,,11,
2026-06-28T18:44:29.070400+00:00,Dodoma,dodoma,api_fallback,,11,
2026-06-28T18:44:29.070416+00:00,Arusha,arusha,api_fallback,,11,
2026-06-28T18:44:29.070430+00:00,Mwanza,mwanza,api_fallback,,11,
2026-06-28T18:44:29.070444+00:00,Zanzibar,zanzibar,api_fallback,,11,
2026-06-28T19:15:43.144520+00:00,Dar es Salaam,dar_es_salaam,api_fallback,,12,
2026-06-28T19:15:43.144559+00:00,Dodoma,dodoma,api_fallback,,12,
2026-06-28T19:15:43.144576+00:00,Arusha,arusha,api_fallback,,12,
2026-06-28T19:15:43.144592+00:00,Mwanza,mwanza,api_fallback,,12,
2026-06-28T19:15:43.144606+00:00,Zanzibar,zanzibar,api_fallback,,12,
2026-06-28T19:57:06.025501+00:00,Dar es Salaam,dar_es_salaam,api_fallback,,13,
2026-06-28T19:57:06.025539+00:00,Dodoma,dodoma,api_fallback,,13,
2026-06-28T19:57:06.025557+00:00,Arusha,arusha,api_fallback,,13,
2026-06-28T19:57:06.025573+00:00,Mwanza,mwanza,api_fallback,,13,
2026-06-28T19:57:06.025589+00:00,Zanzibar,zanzibar,api_fallback,,13,
2026-06-28T20:33:41.576717+00:00,Dar es Salaam,dar_es_salaam,api_fallback,,14,
2026-06-28T20:33:41.576763+00:00,Dodoma,dodoma,api_fallback,,14,
2026-06-28T20:33:41.576781+00:00,Arusha,arusha,api_fallback,,14,
2026-06-28T20:33:41.576802+00:00,Mwanza,mwanza,api_fallback,,14,
2026-06-28T20:33:41.576819+00:00,Zanzibar,zanzibar,api_fallback,,14,
2026-06-28T21:08:12.585681+00:00,Dar es Salaam,dar_es_salaam,api_fallback,,15,
2026-06-28T21:08:12.585722+00:00,Dodoma,dodoma,api_fallback,,15,
2026-06-28T21:08:12.585742+00:00,Arusha,arusha,api_fallback,,15,
2026-06-28T21:08:12.585766+00:00,Mwanza,mwanza,api_fallback,,15,
2026-06-28T21:08:12.585783+00:00,Zanzibar,zanzibar,api_fallback,,15,
2026-06-28T21:38:45.725297+00:00,Dar es Salaam,dar_es_salaam,api_fallback,,16,
2026-06-28T21:38:45.725337+00:00,Dodoma,dodoma,api_fallback,,16,
2026-06-28T21:38:45.725358+00:00,Arusha,arusha,api_fallback,,16,
2026-06-28T21:38:45.725377+00:00,Mwanza,mwanza,api_fallback,,16,
2026-06-28T21:38:45.725395+00:00,Zanzibar,zanzibar,api_fallback,,16,
2026-06-28T22:07:46.192570+00:00,Dar es Salaam,dar_es_salaam,api_fallback,,17,
2026-06-28T22:07:46.192612+00:00,Dodoma,dodoma,api_fallback,,17,
2026-06-28T22:07:46.192635+00:00,Arusha,arusha,api_fallback,,17,
2026-06-28T22:07:46.192654+00:00,Mwanza,mwanza,api_fallback,,17,
2026-06-28T22:07:46.192673+00:00,Zanzibar,zanzibar,api_fallback,,17,
2026-06-28T22:37:18.100922+00:00,Dar es Salaam,dar_es_salaam,api_fallback,,18,
2026-06-28T22:37:18.100962+00:00,Dodoma,dodoma,api_fallback,,18,
2026-06-28T22:37:18.100984+00:00,Arusha,arusha,api_fallback,,18,
2026-06-28T22:37:18.101004+00:00,Mwanza,mwanza,api_fallback,,18,
2026-06-28T22:37:18.101023+00:00,Zanzibar,zanzibar,api_fallback,,18,
2026-06-28T23:08:50.100753+00:00,Dar es Salaam,dar_es_salaam,api_fallback,,19,
2026-06-28T23:08:50.100814+00:00,Dodoma,dodoma,api_fallback,,19,
2026-06-28T23:08:50.100840+00:00,Arusha,arusha,api_fallback,,19,
2026-06-28T23:08:50.100861+00:00,Mwanza,mwanza,api_fallback,,19,
2026-06-28T23:08:50.100882+00:00,Zanzibar,zanzibar,api_fallback,,19,
2026-06-28T23:38:52.956924+00:00,Dar es Salaam,dar_es_salaam,ridge_regression,0.3935549234007061,20,22.880406553954135
2026-06-28T23:38:52.959258+00:00,Dodoma,dodoma,ridge_regression,0.7278867953322408,20,18.25742654358075
2026-06-28T23:38:52.961386+00:00,Arusha,arusha,ridge_regression,0.840791760936956,20,16.49256877625119
2026-06-28T23:38:52.963507+00:00,Mwanza,mwanza,ridge_regression,1.1432794390758056,20,21.57183164220392
2026-06-28T23:38:52.965747+00:00,Zanzibar,zanzibar,ridge_regression,0.1800404204721069,20,23.51931974002302
2026-06-29T00:09:26.398357+00:00,Dar es Salaam,dar_es_salaam,ridge_regression,0.5334356053299203,21,22.966828001989526
2026-06-29T00:09:26.400435+00:00,Dodoma,dodoma,ridge_regression,1.1814741644928555,21,19.151524556814703
2026-06-29T00:09:26.402270+00:00,Arusha,arusha,ridge_regression,1.0667259474614577,21,16.87269054369754
2026-06-29T00:09:26.404069+00:00,Mwanza,mwanza,ridge_regression,1.291338125490844,21,21.704083120989214
2026-06-29T00:09:26.405864+00:00,Zanzibar,zanzibar,ridge_regression,0.1727752807126377,21,23.551111011968292
2026-06-29T01:23:36.488800+00:00,Dar es Salaam,dar_es_salaam,ridge_regression,0.6401140846618418,22,23.00103833916359
2026-06-29T01:23:36.490804+00:00,Dodoma,dodoma,ridge_regression,1.5954842429572256,22,19.86165805381129
2026-06-29T01:23:36.492546+00:00,Arusha,arusha,ridge_regression,1.3079188667086723,22,17.303911157974465
2026-06-29T01:23:36.494348+00:00,Mwanza,mwanza,ridge_regression,1.673887124590518,22,21.886533503931144
2026-06-29T01:23:36.496107+00:00,Zanzibar,zanzibar,ridge_regression,0.1484424269637671,22,23.416598102849523
2026-06-29T02:20:36.628991+00:00,Dar es Salaam,dar_es_salaam,ridge_regression,0.5452935182147443,23,22.31298930922166
2026-06-29T02:20:36.631346+00:00,Dodoma,dodoma,ridge_regression,1.8592223405098671,23,19.43263689056857
2026-06-29T02:20:36.633302+00:00,Arusha,arusha,ridge_regression,1.0995201410558129,23,16.741900946831347
2026-06-29T02:20:36.635247+00:00,Mwanza,mwanza,ridge_regression,1.2791102216389418,23,20.838647125362574
2026-06-29T02:20:36.637126+00:00,Zanzibar,zanzibar,ridge_regression,0.08988276009677065,23,23.046128001818623
2026-06-29T03:47:03.526588+00:00,Dar es Salaam,dar_es_salaam,ridge_regression,0.4344388871513566,24,21.782648498375096
2026-06-29T03:47:03.529012+00:00,Dodoma,dodoma,ridge_regression,2.371002285903068,24,19.54649111797853
2026-06-29T03:47:03.531240+00:00,Arusha,arusha,ridge_regression,1.193104364926792,24,16.53837431901388
2026-06-29T03:47:03.533537+00:00,Mwanza,mwanza,ridge_regression,1.5393586090764841,24,20.418045211721125
2026-06-29T03:47:03.536064+00:00,Zanzibar,zanzibar,ridge_regression,0.13662967598170753,24,23.08696553110805
2026-06-29T05:37:04.207890+00:00,Dar es Salaam,dar_es_salaam,ridge_regression,0.7716088486777302,25,22.680123219138405
2026-06-29T05:37:04.209942+00:00,Dodoma,dodoma,ridge_regression,1.572756549143984,25,19.354644220025154
2026-06-29T05:37:04.211773+00:00,Arusha,arusha,ridge_regression,0.657540198401875,25,16.952286609652987
2026-06-29T05:37:04.213553+00:00,Mwanza,mwanza,ridge_regression,0.9401286308252772,25,21.00721166416615
2026-06-29T05:37:04.215345+00:00,Zanzibar,zanzibar,ridge_regression,0.32793567139568724,25,23.632916628262215
2026-06-29T07:16:09.078149+00:00,Dar es Salaam,dar_es_salaam,ridge_regression,1.4919667384464659,26,24.335410446857782
2026-06-29T07:16:09.080539+00:00,Dodoma,dodoma,ridge_regression,1.6050133924723524,26,21.075016980647245
2026-06-29T07:16:09.082731+00:00,Arusha,arusha,ridge_regression,0.7734915044626846,26,18.244503046406717
2026-06-29T07:16:09.084923+00:00,Mwanza,mwanza,ridge_regression,1.4008715364649356,26,23.704847511999585
2026-06-29T07:16:09.087092+00:00,Zanzibar,zanzibar,ridge_regression,0.6516371920962243,26,24.036565319054215
2026-06-29T09:09:04.958792+00:00,Dar es Salaam,dar_es_salaam,ridge_regression,1.7207372075624245,27,25.138577854444843
2026-06-29T09:09:04.961145+00:00,Dodoma,dodoma,ridge_regression,1.9583416636190865,27,23.933185123109745
2026-06-29T09:09:04.963316+00:00,Arusha,arusha,ridge_regression,1.0038257459844502,27,20.07949535427071
2026-06-29T09:09:04.965480+00:00,Mwanza,mwanza,ridge_regression,1.6999183617208484,27,26.46666123749376
2026-06-29T09:09:04.967599+00:00,Zanzibar,zanzibar,ridge_regression,1.0036034402378178,27,24.68181123906116
2026-06-29T10:54:49.945914+00:00,Dar es Salaam,dar_es_salaam,ridge_regression,2.1706600474247044,28,25.405062242351914
2026-06-29T10:54:49.948674+00:00,Dodoma,dodoma,ridge_regression,2.716401479374568,28,24.439258737407258
2026-06-29T10:54:49.950942+00:00,Arusha,arusha,ridge_regression,1.454307848496021,28,20.763023890718816
2026-06-29T10:54:49.953257+00:00,Mwanza,mwanza,ridge_regression,2.001442404245689,28,26.35366999633552
2026-06-29T10:54:49.955573+00:00,Zanzibar,zanzibar,ridge_regression,1.2654327368505267,28,25.506857120082014
2026-06-29T12:32:17.864011+00:00,Dar es Salaam,dar_es_salaam,ridge_regression,2.4609518083743995,29,26.04317767881981
2026-06-29T12:32:17.866363+00:00,Dodoma,dodoma,ridge_regression,3.472341749958989,29,25.35928002694514
2026-06-29T12:32:17.868590+00:00,Arusha,arusha,ridge_regression,1.9684941166429688,29,21.59478314694193
2026-06-29T12:32:17.870767+00:00,Mwanza,mwanza,ridge_regression,2.0414859665258205,29,24.936639666502334
2026-06-29T12:32:17.872952+00:00,Zanzibar,zanzibar,ridge_regression,1.490245750448682,29,25.91442701177405
2026-06-29T14:12:58.299912+00:00,Dar es Salaam,dar_es_salaam,ridge_regression,2.6350963865000168,30,25.571458507524472
2026-06-29T14:12:58.302220+00:00,Dodoma,dodoma,ridge_regression,4.028207710072073,30,23.2606061840503
2026-06-29T14:12:58.304424+00:00,Arusha,arusha,ridge_regression,2.1923804052402502,30,20.299697554560822
2026-06-29T14:12:58.306600+00:00,Mwanza,mwanza,ridge_regression,2.2350692827700285,30,23.973176073392807
2026-06-29T14:12:58.308778+00:00,Zanzibar,zanzibar,ridge_regression,1.5896662955129048,30,25.59559109150634
2026-06-29T15:30:12.555410+00:00,Dar es Salaam,dar_es_salaam,ridge_regression,1.7416858459154103,31,23.78402157281413
2026-06-29T15:30:12.557449+00:00,Dodoma,dodoma,ridge_regression,3.404846904034169,31,19.325975069351777
2026-06-29T15:30:12.559380+00:00,Arusha,arusha,ridge_regression,1.664541368868047,31,18.859948240822643
2026-06-29T15:30:12.561211+00:00,Mwanza,mwanza,ridge_regression,1.6314124534486396,31,22.47205421121143
2026-06-29T15:30:12.563070+00:00,Zanzibar,zanzibar,ridge_regression,1.4759280816928932,31,24.558668526383876
2026-06-29T16:43:52.420660+00:00,Dar es Salaam,dar_es_salaam,ridge_regression,1.5380133575254764,32,23.223289899198335
2026-06-29T16:43:52.422622+00:00,Dodoma,dodoma,ridge_regression,3.1575866221218907,32,18.38079727640639
2026-06-29T16:43:52.424429+00:00,Arusha,arusha,ridge_regression,1.4753285674836623,32,18.150467656776673
2026-06-29T16:43:52.426250+00:00,Mwanza,mwanza,ridge_regression,1.5023457870686296,32,21.444346183942443
2026-06-29T16:43:52.428042+00:00,Zanzibar,zanzibar,ridge_regression,1.2734624309344622,32,24.392932536790163
2026-06-29T17:43:30.963235+00:00,Dar es Salaam,dar_es_salaam,ridge_regression,0.40176593181278974,33,22.653259492506372
2026-06-29T17:43:30.965705+00:00,Dodoma,dodoma,ridge_regression,1.0520541680767919,33,17.990852934968526
2026-06-29T17:43:30.967991+00:00,Arusha,arusha,ridge_regression,1.04293089775427,33,18.17018121046782
2026-06-29T17:43:30.970253+00:00,Mwanza,mwanza,ridge_regression,0.9727935684141821,33,20.56908989397514
2026-06-29T17:43:30.972498+00:00,Zanzibar,zanzibar,ridge_regression,0.7308267017258976,33,24.146924871969766
2026-06-29T18:29:31.452763+00:00,Dar es Salaam,dar_es_salaam,ridge_regression,0.47814139023579116,34,22.569409996494528
2026-06-29T18:29:31.455115+00:00,Dodoma,dodoma,ridge_regression,0.726738873453801,34,17.378323453124636
2026-06-29T18:29:31.457314+00:00,Arusha,arusha,ridge_regression,0.9363347413239532,34,18.181833329947086
2026-06-29T18:29:31.459532+00:00,Mwanza,mwanza,ridge_regression,0.6808577407387197,34,20.498928501567626
2026-06-29T18:29:31.461699+00:00,Zanzibar,zanzibar,ridge_regression,0.46431662880673436,34,24.056347233966285
2026-06-29T19:15:47.093367+00:00,Dar es Salaam,dar_es_salaam,ridge_regression,0.33676145165170623,35,22.3254934760211
2026-06-29T19:15:47.095813+00:00,Dodoma,dodoma,ridge_regression,0.8010001639354846,35,16.812379622042165
2026-06-29T19:15:47.098086+00:00,Arusha,arusha,ridge_regression,0.8526022890289039,35,18.016439102652992
2026-06-29T19:15:47.100347+00:00,Mwanza,mwanza,ridge_regression,0.8075476094725751,35,19.60475601339303
2026-06-29T19:15:47.102531+00:00,Zanzibar,zanzibar,ridge_regression,0.4851461048497972,35,24.052395711232297
2026-06-29T20:11:49.866565+00:00,Dar es Salaam,dar_es_salaam,ridge_regression,0.30444631475322986,36,21.92308941226979
2026-06-29T20:11:49.869058+00:00,Dodoma,dodoma,ridge_regression,0.8903875583360608,36,16.568682643608117
2026-06-29T20:11:49.871342+00:00,Arusha,arusha,ridge_regression,0.963230539919976,36,17.38306012674889
2026-06-29T20:11:49.873626+00:00,Mwanza,mwanza,ridge_regression,1.0615647477567332,36,18.834678805184996
2026-06-29T20:11:49.875841+00:00,Zanzibar,zanzibar,ridge_regression,0.3999615881684804,36,23.595997306182976
2026-06-29T20:54:14.979268+00:00,Dar es Salaam,dar_es_salaam,ridge_regression,0.30100434887535243,37,21.772887719647763
2026-06-29T20:54:14.981661+00:00,Dodoma,dodoma,ridge_regression,0.8455037830930388,37,16.44132323487969
2026-06-29T20:54:14.983934+00:00,Arusha,arusha,ridge_regression,0.9407092382735898,37,16.559716539575742
2026-06-29T20:54:14.986147+00:00,Mwanza,mwanza,ridge_regression,1.174534303639017,37,18.664788967100108
2026-06-29T20:54:14.988383+00:00,Zanzibar,zanzibar,ridge_regression,0.41296672637454845,37,23.511035752460213
2026-06-29T21:32:12.699683+00:00,Dar es Salaam,dar_es_salaam,ridge_regression,0.301175152854972,38,21.708620064815314
2026-06-29T21:32:12.701656+00:00,Dodoma,dodoma,ridge_regression,0.7518131179455327,38,16.192073011916825
2026-06-29T21:32:12.703536+00:00,Arusha,arusha,ridge_regression,0.6584596465158854,38,15.75924983154489
2026-06-29T21:32:12.705384+00:00,Mwanza,mwanza,ridge_regression,1.3261712472988472,38,18.9355088925638
2026-06-29T21:32:12.707207+00:00,Zanzibar,zanzibar,ridge_regression,0.5143757360915839,38,23.163798351691426
2026-06-29T22:09:08.570001+00:00,Dar es Salaam,dar_es_salaam,ridge_regression,0.4858492138989092,39,21.40420574961612
2026-06-29T22:09:08.571228+00:00,Dodoma,dodoma,ridge_regression,0.9542959929449968,39,15.500571380340684
2026-06-29T22:09:08.572319+00:00,Arusha,arusha,ridge_regression,0.9228232361110478,39,15.224828774586724
2026-06-29T22:09:08.573385+00:00,Mwanza,mwanza,ridge_regression,1.411593689741916,39,18.914041824511365
2026-06-29T22:09:08.574405+00:00,Zanzibar,zanzibar,ridge_regression,0.6885820267743683,39,22.95087046680217
2026-06-29T22:37:56.182466+00:00,Dar es Salaam,dar_es_salaam,ridge_regression,0.5442198242412628,40,21.351044268268012
2026-06-29T22:37:56.184692+00:00,Dodoma,dodoma,ridge_regression,1.1227755493841807,40,15.419222767816724
2026-06-29T22:37:56.186589+00:00,Arusha,arusha,ridge_regression,0.8617284031546151,40,15.187761004874456
2026-06-29T22:37:56.188501+00:00,Mwanza,mwanza,ridge_regression,1.4554583841292237,40,18.99146970577544
2026-06-29T22:37:56.190345+00:00,Zanzibar,zanzibar,ridge_regression,0.6422110717338323,40,22.978560821906992
2026-06-29T23:07:29.585216+00:00,Dar es Salaam,dar_es_salaam,ridge_regression,0.4216235264920294,41,21.430377414839647
2026-06-29T23:07:29.587282+00:00,Dodoma,dodoma,ridge_regression,1.294143912806186,41,15.442683781920138
2026-06-29T23:07:29.589223+00:00,Arusha,arusha,ridge_regression,0.4004170452867246,41,15.23106600957066
2026-06-29T23:07:29.591178+00:00,Mwanza,mwanza,ridge_regression,1.2438945468794644,41,19.378905223084665
2026-06-29T23:07:29.593062+00:00,Zanzibar,zanzibar,ridge_regression,0.4667834742715402,41,23.05688042363132
2026-06-29T23:36:47.137566+00:00,Dar es Salaam,dar_es_salaam,ridge_regression,0.4047345330107327,42,21.380876907390896
2026-06-29T23:36:47.138707+00:00,Dodoma,dodoma,ridge_regression,1.267829724503255,42,15.407094833926603
2026-06-29T23:36:47.139717+00:00,Arusha,arusha,ridge_regression,0.3858078169692385,42,15.234831872775136
2026-06-29T23:36:47.140745+00:00,Mwanza,mwanza,ridge_regression,1.2524723502167814,42,19.18252230204815
2026-06-29T23:36:47.141738+00:00,Zanzibar,zanzibar,ridge_regression,0.4641541522823347,42,23.059527428837004
2026-06-30T00:08:22.639194+00:00,Dar es Salaam,dar_es_salaam,ridge_regression,0.24484876075580037,43,21.172488479781258
2026-06-30T00:08:22.641564+00:00,Dodoma,dodoma,ridge_regression,1.1133595971979267,43,14.365262130187386
2026-06-30T00:08:22.643873+00:00,Arusha,arusha,ridge_regression,0.14643258931945782,43,15.047667863220816
2026-06-30T00:08:22.646100+00:00,Mwanza,mwanza,ridge_regression,1.07870612530598,43,18.764420586866382
2026-06-30T00:08:22.648318+00:00,Zanzibar,zanzibar,ridge_regression,0.3854486237203518,43,23.059866560956863
2026-06-30T01:18:15.065374+00:00,Dar es Salaam,dar_es_salaam,ridge_regression,0.2562665452450873,44,21.506484095139406
2026-06-30T01:18:15.067459+00:00,Dodoma,dodoma,ridge_regression,0.9110344517363872,44,14.967921832955906
2026-06-30T01:18:15.069380+00:00,Arusha,arusha,ridge_regression,0.1308801721649336,44,15.383517619021314
2026-06-30T01:18:15.071294+00:00,Mwanza,mwanza,ridge_regression,0.9494901439270274,44,18.68425544224603
2026-06-30T01:18:15.073183+00:00,Zanzibar,zanzibar,ridge_regression,0.36221225167770243,44,23.266431267668573
2026-06-30T02:20:36.659770+00:00,Dar es Salaam,dar_es_salaam,ridge_regression,0.26223568257456265,45,21.908562131936538
2026-06-30T02:20:36.662174+00:00,Dodoma,dodoma,ridge_regression,0.6062097292803796,45,15.684691822256898
2026-06-30T02:20:36.664486+00:00,Arusha,arusha,ridge_regression,0.1257017858998019,45,15.825734271177323
2026-06-30T02:20:36.666822+00:00,Mwanza,mwanza,ridge_regression,0.7026789144546259,45,19.183662111666507
2026-06-30T02:20:36.669071+00:00,Zanzibar,zanzibar,ridge_regression,0.3096615163478502,45,23.294309831096907
2026-06-30T03:46:39.344356+00:00,Dar es Salaam,dar_es_salaam,ridge_regression,0.3313301850586099,46,22.32934567114421
2026-06-30T03:46:39.346799+00:00,Dodoma,dodoma,ridge_regression,0.3974478471984004,46,16.770306045006468
2026-06-30T03:46:39.349107+00:00,Arusha,arusha,ridge_regression,0.19575114970546062,46,16.22276651315365
2026-06-30T03:46:39.351379+00:00,Mwanza,mwanza,ridge_regression,0.5917915497094152,46,19.423663974088402
2026-06-30T03:46:39.353607+00:00,Zanzibar,zanzibar,ridge_regression,0.2589043180181648,46,23.531511666663786
2026-06-30T05:25:09.461732+00:00,Dar es Salaam,dar_es_salaam,ridge_regression,0.3652625994383275,47,24.433767695480448
2026-06-30T05:25:09.463825+00:00,Dodoma,dodoma,ridge_regression,0.37473366697920574,47,19.04868372797221
2026-06-30T05:25:09.465845+00:00,Arusha,arusha,ridge_regression,0.2584526860502804,47,17.455147939755495
2026-06-30T05:25:09.467792+00:00,Mwanza,mwanza,ridge_regression,0.5902459973296328,47,21.284561427583874
2026-06-30T05:25:09.469708+00:00,Zanzibar,zanzibar,ridge_regression,0.28986271954996995,47,24.587670535054475
2026-06-30T06:48:30.323414+00:00,Dar es Salaam,dar_es_salaam,ridge_regression,0.4690259329971521,48,26.163076817296826
2026-06-30T06:48:30.325519+00:00,Dodoma,dodoma,ridge_regression,0.33759895204108065,48,21.379136817616253
2026-06-30T06:48:30.327491+00:00,Arusha,arusha,ridge_regression,0.44363959043617385,48,18.088257996733645
2026-06-30T06:48:30.329421+00:00,Mwanza,mwanza,ridge_regression,0.6552434786699823,48,23.32274177670523
2026-06-30T06:48:30.331298+00:00,Zanzibar,zanzibar,ridge_regression,0.3148129951312903,48,25.614900438794436
2026-06-30T08:13:32.185564+00:00,Dar es Salaam,dar_es_salaam,ridge_regression,0.5080134862993813,49,27.09757995321781
2026-06-30T08:13:32.187938+00:00,Dodoma,dodoma,ridge_regression,0.40832851807200027,49,24.22292735603798
2026-06-30T08:13:32.190176+00:00,Arusha,arusha,ridge_regression,0.49930025144663404,49,19.898870928763053
2026-06-30T08:13:32.192408+00:00,Mwanza,mwanza,ridge_regression,0.8187422525979955,49,25.52259463600227
2026-06-30T08:13:32.194618+00:00,Zanzibar,zanzibar,ridge_regression,0.38563574465135597,49,26.76764180564137
2026-06-30T09:29:38.833272+00:00,Dar es Salaam,dar_es_salaam,ridge_regression,0.5451549972301297,50,27.23684511601101
2026-06-30T09:29:38.835741+00:00,Dodoma,dodoma,ridge_regression,0.3588023515655026,50,25.396016265559386
2026-06-30T09:29:38.838064+00:00,Arusha,arusha,ridge_regression,0.6728086510048129,50,20.576873619302916
2026-06-30T09:29:38.840394+00:00,Mwanza,mwanza,ridge_regression,0.929567595357889,50,26.85354864671711
2026-06-30T09:29:38.842634+00:00,Zanzibar,zanzibar,ridge_regression,0.4049017915156977,50,27.10577191528548
2026-06-30T10:41:48.337125+00:00,Dar es Salaam,dar_es_salaam,ridge_regression,0.62987939784072,51,26.887432479010588
2026-06-30T10:41:48.339559+00:00,Dodoma,dodoma,ridge_regression,0.4072288712415542,51,25.340060662523864
2026-06-30T10:41:48.341891+00:00,Arusha,arusha,ridge_regression,0.7559655646084241,51,21.282046811637258
2026-06-30T10:41:48.344177+00:00,Mwanza,mwanza,ridge_regression,1.0207080892943168,51,27.802550827891743
2026-06-30T10:41:48.346464+00:00,Zanzibar,zanzibar,ridge_regression,0.42860860215596974,51,26.85853345813245
2026-06-30T11:42:16.411580+00:00,Dar es Salaam,dar_es_salaam,ridge_regression,0.6737601363087826,52,26.426511029262002
2026-06-30T11:42:16.413665+00:00,Dodoma,dodoma,ridge_regression,0.3738499431763096,52,25.356685063913623
2026-06-30T11:42:16.415786+00:00,Arusha,arusha,ridge_regression,0.7856093143383182,52,21.388623015722818
2026-06-30T11:42:16.417767+00:00,Mwanza,mwanza,ridge_regression,0.991320915004675,52,28.250216304040816
2026-06-30T11:42:16.419717+00:00,Zanzibar,zanzibar,ridge_regression,0.42977750576611357,52,26.537994461165965
2026-06-30T12:31:30.754748+00:00,Dar es Salaam,dar_es_salaam,ridge_regression,0.7863999655486874,53,26.053312565033572
2026-06-30T12:31:30.757204+00:00,Dodoma,dodoma,ridge_regression,0.3998190486902197,53,25.171474800135467
2026-06-30T12:31:30.759573+00:00,Arusha,arusha,ridge_regression,0.804590625173451,53,21.655340419986334
2026-06-30T12:31:30.761915+00:00,Mwanza,mwanza,ridge_regression,1.0259084650875565,53,26.353403366532838
2026-06-30T12:31:30.764206+00:00,Zanzibar,zanzibar,ridge_regression,0.4522215929846903,53,26.194053111630094
2026-06-30T13:23:39.504030+00:00,Dar es Salaam,dar_es_salaam,ridge_regression,0.8888607836466785,54,25.491190538273727
2026-06-30T13:23:39.506851+00:00,Dodoma,dodoma,ridge_regression,0.4701851146556804,54,24.899084527467473
2026-06-30T13:23:39.509417+00:00,Arusha,arusha,ridge_regression,0.8069532279608782,54,21.364122085114886
2026-06-30T13:23:39.512171+00:00,Mwanza,mwanza,ridge_regression,0.9599619941498616,54,26.2899602971467
2026-06-30T13:23:39.515198+00:00,Zanzibar,zanzibar,ridge_regression,0.45932990974544263,54,25.216468242185627
2026-06-30T14:17:05.098244+00:00,Dar es Salaam,dar_es_salaam,ridge_regression,0.9187843622817808,55,24.875542587327484
2026-06-30T14:17:05.100345+00:00,Dodoma,dodoma,ridge_regression,0.48995071079026026,55,24.039052024896776
2026-06-30T14:17:05.102325+00:00,Arusha,arusha,ridge_regression,0.8286416253770327,55,20.873106244809847
2026-06-30T14:17:05.104242+00:00,Mwanza,mwanza,ridge_regression,0.9665786903604231,55,25.357400930866852
2026-06-30T14:17:05.106169+00:00,Zanzibar,zanzibar,ridge_regression,0.5220556667562448,55,24.72671076535229
2026-06-30T15:20:44.675503+00:00,Dar es Salaam,dar_es_salaam,ridge_regression,0.9701977558328306,56,23.812225330672234
2026-06-30T15:20:44.677947+00:00,Dodoma,dodoma,ridge_regression,0.5314371769279069,56,21.53923836256522
2026-06-30T15:20:44.680280+00:00,Arusha,arusha,ridge_regression,0.8572053519548085,56,19.52437926624257
2026-06-30T15:20:44.682567+00:00,Mwanza,mwanza,ridge_regression,0.9870896103919322,56,24.274946268812446
2026-06-30T15:20:44.684850+00:00,Zanzibar,zanzibar,ridge_regression,0.5652860360661678,56,24.100764510680936
2026-06-30T16:22:43.987147+00:00,Dar es Salaam,dar_es_salaam,ridge_regression,0.9133291652907424,57,23.07758822311426
2026-06-30T16:22:43.989745+00:00,Dodoma,dodoma,ridge_regression,0.4987539423976832,57,19.65734707882547
2026-06-30T16:22:43.992126+00:00,Arusha,arusha,ridge_regression,0.8961365114787886,57,18.08892308208157
2026-06-30T16:22:43.994577+00:00,Mwanza,mwanza,ridge_regression,0.9527443319269752,57,23.333888941890283
2026-06-30T16:22:43.996934+00:00,Zanzibar,zanzibar,ridge_regression,0.5182425756173984,57,23.553238315575086
2026-06-30T17:12:22.683532+00:00,Dar es Salaam,dar_es_salaam,ridge_regression,1.0188001717359878,58,22.40583114582094
2026-06-30T17:12:22.686064+00:00,Dodoma,dodoma,ridge_regression,0.4958880884768764,58,17.909929217173417
2026-06-30T17:12:22.688431+00:00,Arusha,arusha,ridge_regression,0.7887380836633954,58,17.636937767123342
2026-06-30T17:12:22.690727+00:00,Mwanza,mwanza,ridge_regression,0.9632173257342874,58,22.561624352776757
2026-06-30T17:12:22.693071+00:00,Zanzibar,zanzibar,ridge_regression,0.6053358457588663,58,23.562452193542406
2026-06-30T17:56:50.607448+00:00,Dar es Salaam,dar_es_salaam,ridge_regression,0.9613386090819495,59,22.293090336989398
2026-06-30T17:56:50.609863+00:00,Dodoma,dodoma,ridge_regression,0.5695120544752902,59,17.283105549932888
2026-06-30T17:56:50.612194+00:00,Arusha,arusha,ridge_regression,0.7450288749407691,59,17.55169081611881
2026-06-30T17:56:50.614507+00:00,Mwanza,mwanza,ridge_regression,0.9986482173307131,59,22.38310767953896
2026-06-30T17:56:50.616778+00:00,Zanzibar,zanzibar,ridge_regression,0.5107190328166181,59,23.63772999729277
2026-06-30T18:45:36.132788+00:00,Dar es Salaam,dar_es_salaam,ridge_regression,0.7850445270724169,60,22.1652589350461
2026-06-30T18:45:36.135278+00:00,Dodoma,dodoma,ridge_regression,0.5754519236677474,60,16.607655301882716
2026-06-30T18:45:36.137663+00:00,Arusha,arusha,ridge_regression,0.5289844362737153,60,16.95693251165815
2026-06-30T18:45:36.140018+00:00,Mwanza,mwanza,ridge_regression,0.946412070474317,60,21.72953171849154
2026-06-30T18:45:36.142312+00:00,Zanzibar,zanzibar,ridge_regression,0.43153190186739615,60,23.757659330537805
2026-06-30T19:36:09.400987+00:00,Dar es Salaam,dar_es_salaam,ridge_regression,0.6661058752337322,61,21.88155216737715
2026-06-30T19:36:09.403511+00:00,Dodoma,dodoma,ridge_regression,0.6033441933779574,61,16.00773883925001
2026-06-30T19:36:09.405849+00:00,Arusha,arusha,ridge_regression,0.5611593331570081,61,16.353254216459852
2026-06-30T19:36:09.408723+00:00,Mwanza,mwanza,ridge_regression,0.8982901292070844,61,21.766076679071062
2026-06-30T19:36:09.411077+00:00,Zanzibar,zanzibar,ridge_regression,0.33122126919572664,61,23.779770857507135
2026-06-30T20:26:01.090162+00:00,Dar es Salaam,dar_es_salaam,ridge_regression,0.6547475642636639,62,21.518438292436525
2026-06-30T20:26:01.092610+00:00,Dodoma,dodoma,ridge_regression,0.65633780625273,62,15.656337038214154
2026-06-30T20:26:01.094737+00:00,Arusha,arusha,ridge_regression,0.5600505985710958,62,15.852008349134012
2026-06-30T20:26:01.096812+00:00,Mwanza,mwanza,ridge_regression,0.9548772978010732,62,20.914187925783878
2026-06-30T20:26:01.098812+00:00,Zanzibar,zanzibar,ridge_regression,0.3272635452196806,62,23.4363942346617
2026-06-30T21:08:10.540255+00:00,Dar es Salaam,dar_es_salaam,ridge_regression,0.6558843019994438,63,21.653590600763454
2026-06-30T21:08:10.542372+00:00,Dodoma,dodoma,ridge_regression,0.7459677325406826,63,15.785113228968118
2026-06-30T21:08:10.544408+00:00,Arusha,arusha,ridge_regression,0.5555190807600154,63,15.726135030065462
2026-06-30T21:08:10.546411+00:00,Mwanza,mwanza,ridge_regression,0.9081965171893212,63,19.43992347620967
2026-06-30T21:08:10.548348+00:00,Zanzibar,zanzibar,ridge_regression,0.29725572803096323,63,23.664089398777907
2026-06-30T21:46:32.497586+00:00,Dar es Salaam,dar_es_salaam,ridge_regression,0.5752965399513268,64,21.584576578569678
2026-06-30T21:46:32.500118+00:00,Dodoma,dodoma,ridge_regression,0.831966747357353,64,15.588938870903874
2026-06-30T21:46:32.502539+00:00,Arusha,arusha,ridge_regression,0.5750747050157634,64,15.453946100902362
2026-06-30T21:46:32.504895+00:00,Mwanza,mwanza,ridge_regression,0.9941316404559907,64,18.823110086364782
2026-06-30T21:46:32.507264+00:00,Zanzibar,zanzibar,ridge_regression,0.3124777106371998,64,23.504853394588093
2026-06-30T22:28:41.553182+00:00,Dar es Salaam,dar_es_salaam,ridge_regression,0.44356189085348335,65,21.45646572297291
2026-06-30T22:28:41.555695+00:00,Dodoma,dodoma,ridge_regression,0.9035111509174615,65,15.235190518135187
2026-06-30T22:28:41.558118+00:00,Arusha,arusha,ridge_regression,0.6153394244974498,65,15.020814373722954
2026-06-30T22:28:41.560505+00:00,Mwanza,mwanza,ridge_regression,1.2172710239135343,65,18.511078527287395
2026-06-30T22:28:41.563134+00:00,Zanzibar,zanzibar,ridge_regression,0.3088423170221991,65,23.306547124683632
2026-06-30T22:57:50.080131+00:00,Dar es Salaam,dar_es_salaam,ridge_regression,0.3494340431493734,66,21.477037241193603
2026-06-30T22:57:50.082657+00:00,Dodoma,dodoma,ridge_regression,0.8824128692250729,66,15.277741501004474
2026-06-30T22:57:50.085100+00:00,Arusha,arusha,ridge_regression,0.6144149151878786,66,14.807464726778111
2026-06-30T22:57:50.087494+00:00,Mwanza,mwanza,ridge_regression,1.3308747876634255,66,18.297237628167956
2026-06-30T22:57:50.089876+00:00,Zanzibar,zanzibar,ridge_regression,0.26596292142674444,66,23.33991475600466
2026-06-30T23:35:20.557789+00:00,Dar es Salaam,dar_es_salaam,ridge_regression,0.3332575228391609,67,21.3297199384097
2026-06-30T23:35:20.560313+00:00,Dodoma,dodoma,ridge_regression,0.8924018427801054,67,15.130978911842469
2026-06-30T23:35:20.562834+00:00,Arusha,arusha,ridge_regression,0.5842806550474507,67,14.461755038645935
2026-06-30T23:35:20.565228+00:00,Mwanza,mwanza,ridge_regression,1.3931524722468982,67,18.279085727268345
2026-06-30T23:35:20.567585+00:00,Zanzibar,zanzibar,ridge_regression,0.25695948103945276,67,23.230413771791895
2026-07-01T00:08:32.429378+00:00,Dar es Salaam,dar_es_salaam,ridge_regression,0.26750039955970095,68,21.588119516336516
2026-07-01T00:08:32.431568+00:00,Dodoma,dodoma,ridge_regression,0.8486829441592639,68,14.632813354098035
2026-07-01T00:08:32.433613+00:00,Arusha,arusha,ridge_regression,0.5739019028753216,68,13.81887505486652
2026-07-01T00:08:32.435607+00:00,Mwanza,mwanza,ridge_regression,1.4756108869933444,68,18.541945363146485
2026-07-01T00:08:32.437576+00:00,Zanzibar,zanzibar,ridge_regression,0.22977967307803,68,23.430908953058598
2026-07-01T01:23:24.161048+00:00,Dar es Salaam,dar_es_salaam,ridge_regression,0.2631248474247409,69,21.816953297179168
2026-07-01T01:23:24.163755+00:00,Dodoma,dodoma,ridge_regression,0.8473884481221485,69,15.090303373949617
2026-07-01T01:23:24.166117+00:00,Arusha,arusha,ridge_regression,0.6332052016350043,69,14.331383535927406
2026-07-01T01:23:24.168434+00:00,Mwanza,mwanza,ridge_regression,1.5650743965081428,69,18.550854051516787
2026-07-01T01:23:24.170730+00:00,Zanzibar,zanzibar,ridge_regression,0.2211079736346946,69,23.636947958764342
2026-07-01T02:20:10.572839+00:00,Dar es Salaam,dar_es_salaam,ridge_regression,0.32782527262727384,70,22.213209013707054
2026-07-01T02:20:10.575407+00:00,Dodoma,dodoma,ridge_regression,0.8510188241797698,70,15.193492787276773
2026-07-01T02:20:10.577853+00:00,Arusha,arusha,ridge_regression,0.7137873862501092,70,14.3080099705193
2026-07-01T02:20:10.580367+00:00,Mwanza,mwanza,ridge_regression,1.6316674169724827,70,19.405446573081033
2026-07-01T02:20:10.582752+00:00,Zanzibar,zanzibar,ridge_regression,0.2850233880482908,70,23.338886700485432
2026-07-01T03:46:44.032362+00:00,Dar es Salaam,dar_es_salaam,ridge_regression,0.4357692409751134,71,22.572087767378306
2026-07-01T03:46:44.034691+00:00,Dodoma,dodoma,ridge_regression,0.8703091850449539,71,15.96349345646322
2026-07-01T03:46:44.036866+00:00,Arusha,arusha,ridge_regression,0.8037540579774518,71,14.328893417668327
2026-07-01T03:46:44.038994+00:00,Mwanza,mwanza,ridge_regression,1.733564236788481,71,19.6359462879365
2026-07-01T03:46:44.041098+00:00,Zanzibar,zanzibar,ridge_regression,0.3412810617052031,71,23.578927708531996
2026-07-01T05:34:56.728287+00:00,Dar es Salaam,dar_es_salaam,ridge_regression,0.46191210708488534,72,25.040553961225267
2026-07-01T05:34:56.730745+00:00,Dodoma,dodoma,ridge_regression,0.8813890089444087,72,18.917330021246666
2026-07-01T05:34:56.733255+00:00,Arusha,arusha,ridge_regression,0.8149108929343999,72,15.66149986379951
2026-07-01T05:34:56.735672+00:00,Mwanza,mwanza,ridge_regression,1.628930201806816,72,22.192786512775598
2026-07-01T05:34:56.738010+00:00,Zanzibar,zanzibar,ridge_regression,0.3399338103560564,72,25.233247212746242
2026-07-01T07:09:50.481949+00:00,Dar es Salaam,dar_es_salaam,ridge_regression,0.4774603705919536,73,27.27406128324274
2026-07-01T07:09:50.484464+00:00,Dodoma,dodoma,ridge_regression,0.8923617724936307,73,22.21081022789877
2026-07-01T07:09:50.486850+00:00,Arusha,arusha,ridge_regression,0.6215965850589538,73,16.97301575202
2026-07-01T07:09:50.489232+00:00,Mwanza,mwanza,ridge_regression,1.6377478294127903,73,25.258452598527676
2026-07-01T07:09:50.491595+00:00,Zanzibar,zanzibar,ridge_regression,0.3575948997728086,73,26.55407326582361
2026-07-01T08:37:30.214492+00:00,Dar es Salaam,dar_es_salaam,ridge_regression,0.4269495422013939,74,28.044916595548205
2026-07-01T08:37:30.216775+00:00,Dodoma,dodoma,ridge_regression,0.8435431129865684,74,24.15439617815091
2026-07-01T08:37:30.218917+00:00,Arusha,arusha,ridge_regression,0.49783870832924204,74,18.580313288358422
2026-07-01T08:37:30.220992+00:00,Mwanza,mwanza,ridge_regression,1.5377735651744107,74,27.306948418436022
2026-07-01T08:37:30.223050+00:00,Zanzibar,zanzibar,ridge_regression,0.38390472412187343,74,27.256775397572707
2026-07-01T10:06:55.497521+00:00,Dar es Salaam,dar_es_salaam,ridge_regression,0.41190626829033333,75,27.80375440762028
2026-07-01T10:06:55.499695+00:00,Dodoma,dodoma,ridge_regression,0.845862217737717,75,25.02029259607379
2026-07-01T10:06:55.501776+00:00,Arusha,arusha,ridge_regression,0.4973471196008827,75,19.90921063814554
2026-07-01T10:06:55.503874+00:00,Mwanza,mwanza,ridge_regression,1.3291601926879082,75,27.4939312407707
2026-07-01T10:06:55.505892+00:00,Zanzibar,zanzibar,ridge_regression,0.3881096099108324,75,27.569918682297732
2026-07-01T11:24:05.592096+00:00,Dar es Salaam,dar_es_salaam,ridge_regression,0.44001732140282285,76,27.599982484933612
2026-07-01T11:24:05.594622+00:00,Dodoma,dodoma,ridge_regression,0.7949897561311693,76,25.037004027440553
2026-07-01T11:24:05.597022+00:00,Arusha,arusha,ridge_regression,0.48536118752954566,76,20.411763448519505
2026-07-01T11:24:05.599434+00:00,Mwanza,mwanza,ridge_regression,1.1288506998932124,76,27.647617136809117
2026-07-01T11:24:05.601787+00:00,Zanzibar,zanzibar,ridge_regression,0.3768909907936963,76,27.24969765867576
2026-07-01T12:23:40.935165+00:00,Dar es Salaam,dar_es_salaam,ridge_regression,0.44376733350679576,77,27.16143105786672
2026-07-01T12:23:40.937707+00:00,Dodoma,dodoma,ridge_regression,0.8117401446579368,77,24.72102198410045
2026-07-01T12:23:40.940182+00:00,Arusha,arusha,ridge_regression,0.51054089777648,77,20.666120558848117
2026-07-01T12:23:40.942587+00:00,Mwanza,mwanza,ridge_regression,1.1178214600993168,77,27.40169401530428
2026-07-01T12:23:40.944919+00:00,Zanzibar,zanzibar,ridge_regression,0.3689414075363251,77,26.881940393996377
2026-07-01T13:28:06.110763+00:00,Dar es Salaam,dar_es_salaam,ridge_regression,0.4422131151689588,78,26.4348000687113
2026-07-01T13:28:06.113067+00:00,Dodoma,dodoma,ridge_regression,0.759787198636108,78,23.95616705178111
2026-07-01T13:28:06.115198+00:00,Arusha,arusha,ridge_regression,0.47838890858684213,78,20.226238436579223
2026-07-01T13:28:06.117263+00:00,Mwanza,mwanza,ridge_regression,1.1154668039011977,78,27.111056158114195
2026-07-01T13:28:06.119328+00:00,Zanzibar,zanzibar,ridge_regression,0.3302179702373347,78,26.21947528471398
2026-07-01T14:21:59.172339+00:00,Dar es Salaam,dar_es_salaam,ridge_regression,0.4053506426524762,79,25.427055502305134
2026-07-01T14:21:59.174969+00:00,Dodoma,dodoma,ridge_regression,0.7095109600461658,79,22.850066568520123
2026-07-01T14:21:59.177398+00:00,Arusha,arusha,ridge_regression,0.4268091015124863,79,19.773606179363654
2026-07-01T14:21:59.179838+00:00,Mwanza,mwanza,ridge_regression,1.1220087808546455,79,26.515145684651625
2026-07-01T14:21:59.182213+00:00,Zanzibar,zanzibar,ridge_regression,0.3477602058941869,79,25.65212407329004
2026-07-01T15:25:37.091701+00:00,Dar es Salaam,dar_es_salaam,ridge_regression,0.42874109713281405,80,24.348701073663594
2026-07-01T15:25:37.094226+00:00,Dodoma,dodoma,ridge_regression,0.6798964148947864,80,21.19191743940753
2026-07-01T15:25:37.096626+00:00,Arusha,arusha,ridge_regression,0.394294313299711,80,18.952469481038303
2026-07-01T15:25:37.098965+00:00,Mwanza,mwanza,ridge_regression,0.7049328019591046,80,25.79137424378509
2026-07-01T15:25:37.101345+00:00,Zanzibar,zanzibar,ridge_regression,0.3470408549300308,80,24.488011794035632
2026-07-01T16:18:35.348627+00:00,Dar es Salaam,dar_es_salaam,ridge_regression,0.45204529879622934,81,23.40828819045789
2026-07-01T16:18:35.349958+00:00,Dodoma,dodoma,ridge_regression,0.642465070635152,81,19.38021286532001
2026-07-01T16:18:35.351097+00:00,Arusha,arusha,ridge_regression,0.3851098953142176,81,17.92806555582379
2026-07-01T16:18:35.352219+00:00,Mwanza,mwanza,ridge_regression,0.6372865892956556,81,24.514475906146327
2026-07-01T16:18:35.353308+00:00,Zanzibar,zanzibar,ridge_regression,0.3357301215855222,81,23.915681467355412
2026-07-01T17:16:20.587911+00:00,Dar es Salaam,dar_es_salaam,ridge_regression,0.4435889983057386,82,22.768129852537957
2026-07-01T17:16:20.590540+00:00,Dodoma,dodoma,ridge_regression,0.6117193096966133,82,17.78892110715814
2026-07-01T17:16:20.592967+00:00,Arusha,arusha,ridge_regression,0.4019819276002176,82,17.449123048546678
2026-07-01T17:16:20.595466+00:00,Mwanza,mwanza,ridge_regression,0.6006506667574607,82,23.649369837023574
2026-07-01T17:16:20.597903+00:00,Zanzibar,zanzibar,ridge_regression,0.3209412045889962,82,23.619520567447488
2026-07-01T18:11:29.595991+00:00,Dar es Salaam,dar_es_salaam,ridge_regression,0.4476806925947512,83,22.40487078248266
2026-07-01T18:11:29.597258+00:00,Dodoma,dodoma,ridge_regression,0.5750990208002896,83,16.71892849789864
2026-07-01T18:11:29.598386+00:00,Arusha,arusha,ridge_regression,0.4440331020072229,83,16.999226361667592
2026-07-01T18:11:29.599515+00:00,Mwanza,mwanza,ridge_regression,0.6012790470260612,83,23.060875144579533
2026-07-01T18:11:29.600696+00:00,Zanzibar,zanzibar,ridge_regression,0.32199449167427996,83,23.41883233811855
2026-07-01T18:57:15.402400+00:00,Dar es Salaam,dar_es_salaam,ridge_regression,0.4407705962928553,84,22.299883243518657
2026-07-01T18:57:15.405049+00:00,Dodoma,dodoma,ridge_regression,0.590934299121724,84,16.508463487028294
2026-07-01T18:57:15.407485+00:00,Arusha,arusha,ridge_regression,0.5077386405835839,84,16.814896078356245
2026-07-01T18:57:15.410013+00:00,Mwanza,mwanza,ridge_regression,0.6212271281589461,84,22.732660463213637
2026-07-01T18:57:15.412411+00:00,Zanzibar,zanzibar,ridge_regression,0.31279784623357,84,23.339865992485542
2026-07-01T19:37:43.446153+00:00,Dar es Salaam,dar_es_salaam,ridge_regression,0.4458737993264016,85,22.14900819260704
2026-07-01T19:37:43.448707+00:00,Dodoma,dodoma,ridge_regression,0.5891833056086908,85,15.925816874056919
2026-07-01T19:37:43.451155+00:00,Arusha,arusha,ridge_regression,0.5205984046560305,85,16.075515783833605
2026-07-01T19:37:43.453615+00:00,Mwanza,mwanza,ridge_regression,0.6459259788338843,85,22.329036677381048
2026-07-01T19:37:43.456095+00:00,Zanzibar,zanzibar,ridge_regression,0.3129222910263946,85,23.179925309544988
2026-07-01T20:24:28.849210+00:00,Dar es Salaam,dar_es_salaam,ridge_regression,0.4086060361071442,86,21.70981879080254
2026-07-01T20:24:28.851451+00:00,Dodoma,dodoma,ridge_regression,0.6145269132953646,86,15.502630001703814
2026-07-01T20:24:28.853591+00:00,Arusha,arusha,ridge_regression,0.3899172038313991,86,15.62523496004911
2026-07-01T20:24:28.855747+00:00,Mwanza,mwanza,ridge_regression,0.6733476620701332,86,21.703670634164972
2026-07-01T20:24:28.857832+00:00,Zanzibar,zanzibar,ridge_regression,0.2568942018070353,86,22.913492273043047
2026-07-01T21:02:43.173975+00:00,Dar es Salaam,dar_es_salaam,ridge_regression,0.38645118914577736,87,21.584071196025153
2026-07-01T21:02:43.176221+00:00,Dodoma,dodoma,ridge_regression,0.6580181957954102,87,15.806057211754226
2026-07-01T21:02:43.178304+00:00,Arusha,arusha,ridge_regression,0.4057420836158154,87,15.466631733233216
2026-07-01T21:02:43.180421+00:00,Mwanza,mwanza,ridge_regression,0.6690688678348496,87,20.991556534430167
2026-07-01T21:02:43.182458+00:00,Zanzibar,zanzibar,ridge_regression,0.24337187243125827,87,22.79965558999902
2026-07-01T21:46:54.634731+00:00,Dar es Salaam,dar_es_salaam,ridge_regression,0.39407322485979596,88,21.315062462991136
2026-07-01T21:46:54.636961+00:00,Dodoma,dodoma,ridge_regression,0.7406459704934666,88,15.564552698662958
2026-07-01T21:46:54.639080+00:00,Arusha,arusha,ridge_regression,0.40885642126354377,88,14.954804757565345
2026-07-01T21:46:54.641174+00:00,Mwanza,mwanza,ridge_regression,0.7322320244089487,88,20.388852340298868
2026-07-01T21:46:54.643264+00:00,Zanzibar,zanzibar,ridge_regression,0.21385062045371958,88,22.5160315749513
2026-07-01T22:30:16.112286+00:00,Dar es Salaam,dar_es_salaam,ridge_regression,0.45862584832138076,89,20.809959634254366
2026-07-01T22:30:16.114647+00:00,Dodoma,dodoma,ridge_regression,0.8163250134621758,89,14.986303419432371
2026-07-01T22:30:16.116815+00:00,Arusha,arusha,ridge_regression,0.4135252048948781,89,14.365349216928138
2026-07-01T22:30:16.118905+00:00,Mwanza,mwanza,ridge_regression,0.9025368971687642,89,19.692932717795234
2026-07-01T22:30:16.120939+00:00,Zanzibar,zanzibar,ridge_regression,0.2531416342847166,89,22.14968875790632
2026-07-01T22:57:27.035399+00:00,Dar es Salaam,dar_es_salaam,ridge_regression,0.31259633936090403,90,20.94863929239444
2026-07-01T22:57:27.037701+00:00,Dodoma,dodoma,ridge_regression,0.766407798649647,90,15.029364020085037
2026-07-01T22:57:27.040177+00:00,Arusha,arusha,ridge_regression,0.40184140944471586,90,14.335953431857899
2026-07-01T22:57:27.042360+00:00,Mwanza,mwanza,ridge_regression,0.89816415365642,90,19.61130733393474
2026-07-01T22:57:27.044497+00:00,Zanzibar,zanzibar,ridge_regression,0.15044770657654874,90,22.18264678173735
2026-07-01T23:36:50.199341+00:00,Dar es Salaam,dar_es_salaam,ridge_regression,0.20105821478561323,91,20.849345424743447
2026-07-01T23:36:50.202057+00:00,Dodoma,dodoma,ridge_regression,0.6921101030265002,91,14.803991756467322
2026-07-01T23:36:50.204605+00:00,Arusha,arusha,ridge_regression,0.40092928339254086,91,13.975490250981766
2026-07-01T23:36:50.207134+00:00,Mwanza,mwanza,ridge_regression,0.7626235895013141,91,19.48425767336741
2026-07-01T23:36:50.209645+00:00,Zanzibar,zanzibar,ridge_regression,0.14404426556737823,91,21.989313418171747
2026-07-02T00:08:47.405540+00:00,Dar es Salaam,dar_es_salaam,ridge_regression,0.1930733310991834,92,21.05295868684483
2026-07-02T00:08:47.407893+00:00,Dodoma,dodoma,ridge_regression,0.7081047420005095,92,14.823106776624602
2026-07-02T00:08:47.410035+00:00,Arusha,arusha,ridge_regression,0.3863808868465247,92,13.555060510776016
2026-07-02T00:08:47.412212+00:00,Mwanza,mwanza,ridge_regression,0.7601561546134865,92,19.550280523262114
2026-07-02T00:08:47.414298+00:00,Zanzibar,zanzibar,ridge_regression,0.14116369465181877,92,21.768412763093195
2026-07-02T01:18:17.193931+00:00,Dar es Salaam,dar_es_salaam,ridge_regression,0.2263522239447232,93,21.146214827267183
2026-07-02T01:18:17.196218+00:00,Dodoma,dodoma,ridge_regression,0.6631620715688386,93,14.940525317961452
2026-07-02T01:18:17.198356+00:00,Arusha,arusha,ridge_regression,0.36295400217359297,93,13.36545194979174
2026-07-02T01:18:17.200452+00:00,Mwanza,mwanza,ridge_regression,0.6291197822734521,93,19.866913293317474
2026-07-02T01:18:17.202525+00:00,Zanzibar,zanzibar,ridge_regression,0.14466460559032698,93,21.870827104165908
2026-07-02T02:20:51.951432+00:00,Dar es Salaam,dar_es_salaam,ridge_regression,0.2814040998000654,94,21.385689661514434
2026-07-02T02:20:51.954113+00:00,Dodoma,dodoma,ridge_regression,0.6499577176549624,94,15.271975072165917
2026-07-02T02:20:51.956680+00:00,Arusha,arusha,ridge_regression,0.33919954486629994,94,13.607019186556384
2026-07-02T02:20:51.959154+00:00,Mwanza,mwanza,ridge_regression,0.6366151933797203,94,20.08826269175071
2026-07-02T02:20:51.961613+00:00,Zanzibar,zanzibar,ridge_regression,0.1493545227457849,94,22.266404554429652
2026-07-02T06:22:12.466494+00:00,Dar es Salaam,dar_es_salaam,ridge_regression,0.4233891389817508,95,26.41869955255907
2026-07-02T06:22:12.469211+00:00,Dodoma,dodoma,ridge_regression,0.8230874239769976,95,21.01688979989975
2026-07-02T06:22:12.471765+00:00,Arusha,arusha,ridge_regression,0.4481383084527593,95,16.969796247257072
2026-07-02T06:22:12.474319+00:00,Mwanza,mwanza,ridge_regression,0.6597402245078193,95,23.889402355210695
2026-07-02T06:22:12.476763+00:00,Zanzibar,zanzibar,ridge_regression,0.2696272873441456,95,25.50690022030302
2026-07-02T09:42:32.186946+00:00,Dar es Salaam,dar_es_salaam,ridge_regression,0.5126118503448018,96,28.716184730053907
2026-07-02T09:42:32.189317+00:00,Dodoma,dodoma,ridge_regression,0.9800463749234063,96,26.10348796371556
2026-07-02T09:42:32.191471+00:00,Arusha,arusha,ridge_regression,0.5674721887665772,96,20.109160056698773
2026-07-02T09:42:32.193716+00:00,Mwanza,mwanza,ridge_regression,0.7988275307935421,96,27.648961570361852
2026-07-02T09:42:32.195863+00:00,Zanzibar,zanzibar,ridge_regression,0.3418174388620258,96,26.67839425245938
2026-07-02T11:57:03.579915+00:00,Dar es Salaam,dar_es_salaam,ridge_regression,0.49779049433025707,97,27.78531051707324
2026-07-02T11:57:03.582198+00:00,Dodoma,dodoma,ridge_regression,0.9758696579914581,97,26.425747182186957
2026-07-02T11:57:03.584322+00:00,Arusha,arusha,ridge_regression,0.6286405764933096,97,21.537854606910862
2026-07-02T11:57:03.586484+00:00,Mwanza,mwanza,ridge_regression,0.7863342327719576,97,27.327244928721683
2026-07-02T11:57:03.588588+00:00,Zanzibar,zanzibar,ridge_regression,0.3608068542959554,97,26.48972013039131
2026-07-02T14:02:25.871351+00:00,Dar es Salaam,dar_es_salaam,ridge_regression,0.524467818172934,98,25.82831093347879
2026-07-02T14:02:25.873291+00:00,Dodoma,dodoma,ridge_regression,0.9341834964814115,98,23.891733611261188
2026-07-02T14:02:25.875116+00:00,Arusha,arusha,ridge_regression,0.6504717303552205,98,20.926224691928866
2026-07-02T14:02:25.876853+00:00,Mwanza,mwanza,ridge_regression,0.7837858864247282,98,26.73026943254525
2026-07-02T14:02:25.878523+00:00,Zanzibar,zanzibar,ridge_regression,0.3546931194903758,98,25.022680781381073
2026-07-02T16:16:30.928410+00:00,Dar es Salaam,dar_es_salaam,ridge_regression,0.6250314973610985,99,23.22635328691828
2026-07-02T16:16:30.931139+00:00,Dodoma,dodoma,ridge_regression,1.0201270258413124,99,20.11217269224843
2026-07-02T16:16:30.933702+00:00,Arusha,arusha,ridge_regression,0.7867328852165545,99,17.700872295922448
2026-07-02T16:16:30.936341+00:00,Mwanza,mwanza,ridge_regression,0.8882860382187966,99,24.068680614915483
2026-07-02T16:16:30.938829+00:00,Zanzibar,zanzibar,ridge_regression,0.4277416504024815,99,22.913194167118604
2026-07-02T18:12:26.123260+00:00,Dar es Salaam,dar_es_salaam,ridge_regression,0.6232297662459516,100,22.416468423656685
2026-07-02T18:12:26.125888+00:00,Dodoma,dodoma,ridge_regression,1.065117995729609,100,17.547041446605657
2026-07-02T18:12:26.128443+00:00,Arusha,arusha,ridge_regression,0.8300491778638752,100,17.30834071571848
2026-07-02T18:12:26.130996+00:00,Mwanza,mwanza,ridge_regression,0.9427712877985179,100,21.801363942655048
2026-07-02T18:12:26.133448+00:00,Zanzibar,zanzibar,ridge_regression,0.4318435100975629,100,22.92892208557511
2026-07-02T19:52:49.846683+00:00,Dar es Salaam,dar_es_salaam,ridge_regression,0.6143062903117645,101,22.212518598217592
2026-07-02T19:52:49.849144+00:00,Dodoma,dodoma,ridge_regression,1.0523539833546827,101,16.453185750907352
2026-07-02T19:52:49.851357+00:00,Arusha,arusha,ridge_regression,0.8257782033806486,101,16.070174689634275
2026-07-02T19:52:49.853539+00:00,Mwanza,mwanza,ridge_regression,0.9260808493858637,101,20.90858861360545
2026-07-02T19:52:49.855628+00:00,Zanzibar,zanzibar,ridge_regression,0.43142940004000413,101,22.877495644123258
2026-07-02T21:01:08.941277+00:00,Dar es Salaam,dar_es_salaam,ridge_regression,0.6189830668787086,102,22.058276805496767
2026-07-02T21:01:08.944164+00:00,Dodoma,dodoma,ridge_regression,1.0187568531517288,102,16.454401375474315
2026-07-02T21:01:08.946955+00:00,Arusha,arusha,ridge_regression,0.7993208932022497,102,15.112033506368427
2026-07-02T21:01:08.949741+00:00,Mwanza,mwanza,ridge_regression,0.8863346844815156,102,20.107878372458295
2026-07-02T21:01:08.952429+00:00,Zanzibar,zanzibar,ridge_regression,0.4288611259487305,102,23.009706196562764
2026-07-02T22:18:43.384047+00:00,Dar es Salaam,dar_es_salaam,ridge_regression,0.6461503659805213,103,21.61606065163403
2026-07-02T22:18:43.386358+00:00,Dodoma,dodoma,ridge_regression,1.0235504975299956,103,15.948251125390634
2026-07-02T22:18:43.388589+00:00,Arusha,arusha,ridge_regression,0.7793315084321587,103,14.513759265789334
2026-07-02T22:18:43.390809+00:00,Mwanza,mwanza,ridge_regression,0.8843408188005734,103,19.610587430467927
2026-07-02T22:18:43.392994+00:00,Zanzibar,zanzibar,ridge_regression,0.45322763957374806,103,22.72947738706663
2026-07-02T23:35:52.102736+00:00,Dar es Salaam,dar_es_salaam,ridge_regression,0.6722416715403858,104,21.475809822335222
2026-07-02T23:35:52.104597+00:00,Dodoma,dodoma,ridge_regression,1.0216073457322803,104,15.747691428797847
2026-07-02T23:35:52.106382+00:00,Arusha,arusha,ridge_regression,0.7538919066644744,104,14.134810153977556
2026-07-02T23:35:52.108152+00:00,Mwanza,mwanza,ridge_regression,0.8583948210896163,104,19.55861139666835
2026-07-02T23:35:52.109897+00:00,Zanzibar,zanzibar,ridge_regression,0.4744575382292098,104,22.744832118934372
2026-07-03T01:16:44.432964+00:00,Dar es Salaam,dar_es_salaam,ridge_regression,0.7149638768619782,105,22.185383127662806
2026-07-03T01:16:44.435635+00:00,Dodoma,dodoma,ridge_regression,0.9727899341273343,105,16.422461761347286
2026-07-03T01:16:44.438165+00:00,Arusha,arusha,ridge_regression,0.7540653073978151,105,13.971935997681742
2026-07-03T01:16:44.440721+00:00,Mwanza,mwanza,ridge_regression,0.8164166377406014,105,20.47298811006486
2026-07-03T01:16:44.443189+00:00,Zanzibar,zanzibar,ridge_regression,0.5199040637254031,105,22.467586739527917
2026-07-03T05:14:21.242900+00:00,Dar es Salaam,dar_es_salaam,ridge_regression,0.7149638768619782,105,22.185383127662806
2026-07-03T05:14:21.245606+00:00,Dodoma,dodoma,ridge_regression,0.9727899341273343,105,16.422461761347286
2026-07-03T05:14:21.248122+00:00,Arusha,arusha,ridge_regression,0.7540653073978151,105,13.971935997681742
2026-07-03T05:14:21.250672+00:00,Mwanza,mwanza,ridge_regression,0.8164166377406014,105,20.47298811006486
2026-07-03T05:14:21.253150+00:00,Zanzibar,zanzibar,ridge_regression,0.5199040637254031,105,22.467586739527917
2026-07-03T08:28:32.786424+00:00,Dar es Salaam,dar_es_salaam,ridge_regression,0.9500252596317632,106,28.70489739989748
2026-07-03T08:28:32.788806+00:00,Dodoma,dodoma,ridge_regression,1.2934236779876682,106,25.96738708707613
2026-07-03T08:28:32.791031+00:00,Arusha,arusha,ridge_regression,1.0438704840421957,106,20.17581863371624
2026-07-03T08:28:32.793234+00:00,Mwanza,mwanza,ridge_regression,1.0934212834429358,106,28.487698486176296
2026-07-03T08:28:32.795422+00:00,Zanzibar,zanzibar,ridge_regression,0.6889953981086331,106,26.256290616861758
2026-07-03T11:11:38.213765+00:00,Dar es Salaam,dar_es_salaam,ridge_regression,0.9343376296438411,107,28.315227640305103
2026-07-03T11:11:38.216382+00:00,Dodoma,dodoma,ridge_regression,1.3088413704847686,107,27.563576691306366
2026-07-03T11:11:38.218946+00:00,Arusha,arusha,ridge_regression,1.142975524144085,107,22.377670634330318
2026-07-03T11:11:38.221415+00:00,Mwanza,mwanza,ridge_regression,1.0533703848238798,107,28.970045836100294
2026-07-03T11:11:38.223899+00:00,Zanzibar,zanzibar,ridge_regression,0.6960278519736154,107,26.63244231298219
2026-07-03T13:11:11.877457+00:00,Dar es Salaam,dar_es_salaam,ridge_regression,0.9851830423644611,108,27.095053894066766
2026-07-03T13:11:11.880143+00:00,Dodoma,dodoma,ridge_regression,1.262343801548971,108,26.31240069514896
2026-07-03T13:11:11.882697+00:00,Arusha,arusha,ridge_regression,1.183847206659633,108,22.073674282041214
2026-07-03T13:11:11.885267+00:00,Mwanza,mwanza,ridge_regression,1.0411531500227105,108,28.440683893196763
2026-07-03T13:11:11.887703+00:00,Zanzibar,zanzibar,ridge_regression,0.698289783387633,108,25.96313423100046
2026-07-03T15:25:30.826464+00:00,Dar es Salaam,dar_es_salaam,ridge_regression,1.0722157614846308,109,25.295560341345695
2026-07-03T15:25:30.828306+00:00,Dodoma,dodoma,ridge_regression,1.326315514395471,109,23.156210554444762
2026-07-03T15:25:30.829998+00:00,Arusha,arusha,ridge_regression,1.2391459205477924,109,19.688297583851934
2026-07-03T15:25:30.831745+00:00,Mwanza,mwanza,ridge_regression,1.0913779613916352,109,26.702280291855647
2026-07-03T15:25:30.833398+00:00,Zanzibar,zanzibar,ridge_regression,0.7551487648428964,109,24.23860498983863
2026-07-03T16:53:19.660136+00:00,Dar es Salaam,dar_es_salaam,ridge_regression,1.1333982413666366,110,24.168293586890933
2026-07-03T16:53:19.663000+00:00,Dodoma,dodoma,ridge_regression,1.4425066036790148,110,20.80402671501156
2026-07-03T16:53:19.665615+00:00,Arusha,arusha,ridge_regression,1.2577713150050769,110,18.35286987499863
2026-07-03T16:53:19.668279+00:00,Mwanza,mwanza,ridge_regression,1.19085190712171,110,25.176918559547566
2026-07-03T16:53:19.670935+00:00,Zanzibar,zanzibar,ridge_regression,0.7588584774118327,110,23.626456524695087
2026-07-03T18:10:43.917895+00:00,Dar es Salaam,dar_es_salaam,ridge_regression,1.14153391649181,111,23.296438092967627
2026-07-03T18:10:43.920556+00:00,Dodoma,dodoma,ridge_regression,1.5403679547660512,111,18.82789332717361
2026-07-03T18:10:43.923107+00:00,Arusha,arusha,ridge_regression,1.2592522027187192,111,17.772189870029326
2026-07-03T18:10:43.925701+00:00,Mwanza,mwanza,ridge_regression,1.2874137455567938,111,23.70801778519203
2026-07-03T18:10:43.928179+00:00,Zanzibar,zanzibar,ridge_regression,0.7697916455436086,111,23.57271448315503
2026-07-03T19:49:05.871768+00:00,Dar es Salaam,dar_es_salaam,ridge_regression,1.1221819241646716,112,22.85008764460044
2026-07-03T19:49:05.874548+00:00,Dodoma,dodoma,ridge_regression,1.5398255796533362,112,18.018907911544964
2026-07-03T19:49:05.877181+00:00,Arusha,arusha,ridge_regression,1.2337277534713542,112,16.623657575551924
2026-07-03T19:49:05.879804+00:00,Mwanza,mwanza,ridge_regression,1.2926573994539778,112,22.842128040630424
2026-07-03T19:49:05.882361+00:00,Zanzibar,zanzibar,ridge_regression,0.7481795950049746,112,23.200363309859938
2026-07-03T21:01:12.377132+00:00,Dar es Salaam,dar_es_salaam,ridge_regression,1.171546749931032,113,22.515911099732293
2026-07-03T21:01:12.379488+00:00,Dodoma,dodoma,ridge_regression,1.5883760521579062,113,18.00462281510098
2026-07-03T21:01:12.381742+00:00,Arusha,arusha,ridge_regression,1.2708671748577953,113,15.678927217377355
2026-07-03T21:01:12.383944+00:00,Mwanza,mwanza,ridge_regression,1.3152714992563468,113,22.6914618829503
2026-07-03T21:01:12.386107+00:00,Zanzibar,zanzibar,ridge_regression,0.7487740736884752,113,23.214379703225717
2026-07-03T22:15:40.295626+00:00,Dar es Salaam,dar_es_salaam,ridge_regression,1.1954947963813365,114,22.082974452894966
2026-07-03T22:15:40.298017+00:00,Dodoma,dodoma,ridge_regression,1.6688166907843727,114,17.385482391558398
2026-07-03T22:15:40.300262+00:00,Arusha,arusha,ridge_regression,1.2885793360329285,114,15.063117843378963
2026-07-03T22:15:40.302483+00:00,Mwanza,mwanza,ridge_regression,1.336611791376418,114,22.37741267822302
2026-07-03T22:15:40.304645+00:00,Zanzibar,zanzibar,ridge_regression,0.7483172688413287,114,22.855256026231324
2026-07-03T23:36:12.117449+00:00,Dar es Salaam,dar_es_salaam,ridge_regression,1.1954947963813365,114,22.082974452894966
2026-07-03T23:36:12.120263+00:00,Dodoma,dodoma,ridge_regression,1.6688166907843727,114,17.385482391558398
2026-07-03T23:36:12.122929+00:00,Arusha,arusha,ridge_regression,1.2885793360329285,114,15.063117843378963
2026-07-03T23:36:12.125647+00:00,Mwanza,mwanza,ridge_regression,1.336611791376418,114,22.37741267822302
2026-07-03T23:36:12.128358+00:00,Zanzibar,zanzibar,ridge_regression,0.7483172688413287,114,22.855256026231324
2026-07-04T01:18:23.571903+00:00,Dar es Salaam,dar_es_salaam,ridge_regression,1.1954947963813365,114,22.082974452894966
2026-07-04T01:18:23.574699+00:00,Dodoma,dodoma,ridge_regression,1.6688166907843727,114,17.385482391558398
2026-07-04T01:18:23.577343+00:00,Arusha,arusha,ridge_regression,1.2885793360329285,114,15.063117843378963
2026-07-04T01:18:23.579964+00:00,Mwanza,mwanza,ridge_regression,1.336611791376418,114,22.37741267822302
2026-07-04T01:18:23.582488+00:00,Zanzibar,zanzibar,ridge_regression,0.7483172688413287,114,22.855256026231324
2026-07-04T05:06:40.120826+00:00,Dar es Salaam,dar_es_salaam,ridge_regression,1.203839536708845,115,25.7303790778581
2026-07-04T05:06:40.123502+00:00,Dodoma,dodoma,ridge_regression,1.7297306017935923,115,22.116722310575977
2026-07-04T05:06:40.126069+00:00,Arusha,arusha,ridge_regression,1.3148584506368624,115,17.050427764617467
2026-07-04T05:06:40.128637+00:00,Mwanza,mwanza,ridge_regression,1.4391961632342936,115,24.044680987292523
2026-07-04T05:06:40.131132+00:00,Zanzibar,zanzibar,ridge_regression,0.7692581249770563,115,24.38185646988923
2026-07-04T08:04:49.485404+00:00,Dar es Salaam,dar_es_salaam,ridge_regression,1.126818085817079,116,28.55828250724369
2026-07-04T08:04:49.488124+00:00,Dodoma,dodoma,ridge_regression,1.6090285029787699,116,26.93402841679232
2026-07-04T08:04:49.490713+00:00,Arusha,arusha,ridge_regression,1.3323324971356496,116,18.83600424551694
2026-07-04T08:04:49.493331+00:00,Mwanza,mwanza,ridge_regression,1.3787984634013823,116,28.98204644847079
2026-07-04T08:04:49.495805+00:00,Zanzibar,zanzibar,ridge_regression,0.8479691913192081,116,26.2826569235415
2026-07-04T10:24:54.027473+00:00,Dar es Salaam,dar_es_salaam,ridge_regression,1.1031291033765211,117,28.386448063444373
2026-07-04T10:24:54.030150+00:00,Dodoma,dodoma,ridge_regression,1.5934034993876676,117,28.708408351226673
2026-07-04T10:24:54.032707+00:00,Arusha,arusha,ridge_regression,1.2794851328584584,117,19.679091457875657
2026-07-04T10:24:54.035255+00:00,Mwanza,mwanza,ridge_regression,1.349767129445941,117,29.673233891211773
2026-07-04T10:24:54.037764+00:00,Zanzibar,zanzibar,ridge_regression,0.8383597698666786,117,26.68993525053916
2026-07-04T11:50:35.007298+00:00,Dar es Salaam,dar_es_salaam,ridge_regression,0.9662170698838345,118,27.599113437895973
2026-07-04T11:50:35.010110+00:00,Dodoma,dodoma,ridge_regression,1.5380282701596892,118,28.18812031132012
2026-07-04T11:50:35.012748+00:00,Arusha,arusha,ridge_regression,1.3115490806258594,118,20.188827907277165
2026-07-04T11:50:35.015292+00:00,Mwanza,mwanza,ridge_regression,1.3180712939558157,118,27.626247318965376
2026-07-04T11:50:35.017886+00:00,Zanzibar,zanzibar,ridge_regression,0.8507280241740137,118,26.216880833226632
2026-07-04T13:16:42.560187+00:00,Dar es Salaam,dar_es_salaam,ridge_regression,1.2259062852450768,119,27.79149800939354
2026-07-04T13:16:42.562935+00:00,Dodoma,dodoma,ridge_regression,1.7961659103835148,119,28.010654524139177
2026-07-04T13:16:42.565579+00:00,Arusha,arusha,ridge_regression,1.1691144161655966,119,21.300186014014425
2026-07-04T13:16:42.568305+00:00,Mwanza,mwanza,ridge_regression,1.4111552572429182,119,28.179142970891366
2026-07-04T13:16:42.570885+00:00,Zanzibar,zanzibar,ridge_regression,0.7884811182241371,119,26.00821929906225
2026-07-04T14:49:02.308690+00:00,Dar es Salaam,dar_es_salaam,ridge_regression,1.5802229456101127,120,27.52341590035386
2026-07-04T14:49:02.311664+00:00,Dodoma,dodoma,ridge_regression,2.554835993824068,120,28.304559670891642
2026-07-04T14:49:02.314438+00:00,Arusha,arusha,ridge_regression,1.4303102813756847,120,20.86007587437309
2026-07-04T14:49:02.317274+00:00,Mwanza,mwanza,ridge_regression,1.9190837096999271,120,28.411312699107985
2026-07-04T14:49:02.320009+00:00,Zanzibar,zanzibar,ridge_regression,0.9221317999960795,120,25.62076352188871
2026-07-04T15:58:46.379279+00:00,Dar es Salaam,dar_es_salaam,ridge_regression,1.5715760288905798,121,26.367332136582483
2026-07-04T15:58:46.382090+00:00,Dodoma,dodoma,ridge_regression,2.7598049038526216,121,26.142585799457848
2026-07-04T15:58:46.384718+00:00,Arusha,arusha,ridge_regression,1.7391211044928696,121,20.462481775013003
2026-07-04T15:58:46.387411+00:00,Mwanza,mwanza,ridge_regression,1.7720440662484134,121,26.75321389195697
2026-07-04T15:58:46.389999+00:00,Zanzibar,zanzibar,ridge_regression,1.0153224362984694,121,24.970771204979542
2026-07-04T17:13:08.224603+00:00,Dar es Salaam,dar_es_salaam,ridge_regression,1.6154062731982561,122,24.943707266125926
2026-07-04T17:13:08.227108+00:00,Dodoma,dodoma,ridge_regression,2.9151161396768304,122,23.11820505048862
2026-07-04T17:13:08.229418+00:00,Arusha,arusha,ridge_regression,1.772055531313675,122,19.861546030586307
2026-07-04T17:13:08.231694+00:00,Mwanza,mwanza,ridge_regression,1.8272908592767556,122,25.490870038094286
2026-07-04T17:13:08.233941+00:00,Zanzibar,zanzibar,ridge_regression,1.0175403870457123,122,24.354084390114416
2026-07-04T18:13:57.039709+00:00,Dar es Salaam,dar_es_salaam,ridge_regression,1.5463648178189613,123,24.339606233211224
2026-07-04T18:13:57.042629+00:00,Dodoma,dodoma,ridge_regression,2.765291434256381,123,21.4268620259049
2026-07-04T18:13:57.045398+00:00,Arusha,arusha,ridge_regression,1.8672145325366052,123,19.332758301627972
2026-07-04T18:13:57.048085+00:00,Mwanza,mwanza,ridge_regression,1.7256551468392973,123,24.704380944534392
2026-07-04T18:13:57.050750+00:00,Zanzibar,zanzibar,ridge_regression,0.947880292155479,123,24.172641909936846
2026-07-04T19:39:27.624311+00:00,Dar es Salaam,dar_es_salaam,ridge_regression,1.2852189908058722,124,23.600216001007798
2026-07-04T19:39:27.627067+00:00,Dodoma,dodoma,ridge_regression,2.2488222264355344,124,19.908065404634087
2026-07-04T19:39:27.629671+00:00,Arusha,arusha,ridge_regression,1.2645577029820771,124,17.351756846171174
2026-07-04T19:39:27.632331+00:00,Mwanza,mwanza,ridge_regression,1.404264672233612,124,23.616596616962955
2026-07-04T19:39:27.634947+00:00,Zanzibar,zanzibar,ridge_regression,0.6998746342768796,124,23.37896277787451
2026-07-04T20:35:04.623106+00:00,Dar es Salaam,dar_es_salaam,ridge_regression,1.2681876166582557,125,22.87501004315454
2026-07-04T20:35:04.625852+00:00,Dodoma,dodoma,ridge_regression,2.0328251493405487,125,19.12851482716332
2026-07-04T20:35:04.628623+00:00,Arusha,arusha,ridge_regression,1.377724072295369,125,16.705470808312626
2026-07-04T20:35:04.633089+00:00,Mwanza,mwanza,ridge_regression,1.282904171749214,125,22.44301925089766
2026-07-04T20:35:04.637642+00:00,Zanzibar,zanzibar,ridge_regression,0.7059827244392538,125,23.103924851291747
2026-07-04T21:39:59.261191+00:00,Dar es Salaam,dar_es_salaam,ridge_regression,1.2401086407902675,126,22.549721726168187
2026-07-04T21:39:59.263715+00:00,Dodoma,dodoma,ridge_regression,2.0239027224204964,126,18.989551080588537
2026-07-04T21:39:59.266035+00:00,Arusha,arusha,ridge_regression,1.3262156843017616,126,16.208794141009353
2026-07-04T21:39:59.268376+00:00,Mwanza,mwanza,ridge_regression,1.2484771956815437,126,22.12902542873498
2026-07-04T21:39:59.270697+00:00,Zanzibar,zanzibar,ridge_regression,0.6415682206121357,126,22.722442328513676
2026-07-04T22:39:16.163886+00:00,Dar es Salaam,dar_es_salaam,ridge_regression,1.2366322209971088,127,22.14585070022818
2026-07-04T22:39:16.166779+00:00,Dodoma,dodoma,ridge_regression,2.0418122746577287,127,18.4802364972283
2026-07-04T22:39:16.169553+00:00,Arusha,arusha,ridge_regression,1.3178533172520512,127,15.846782184617455
2026-07-04T22:39:16.172276+00:00,Mwanza,mwanza,ridge_regression,1.20703478705014,127,22.276779453445368
2026-07-04T22:39:16.174931+00:00,Zanzibar,zanzibar,ridge_regression,0.6177556863006577,127,22.522541345305363
2026-07-04T23:43:11.649445+00:00,Dar es Salaam,dar_es_salaam,ridge_regression,1.099367358547937,128,21.75565980695196
2026-07-04T23:43:11.651855+00:00,Dodoma,dodoma,ridge_regression,2.102155477721842,128,18.164003006981872
2026-07-04T23:43:11.654201+00:00,Arusha,arusha,ridge_regression,1.228937928392968,128,15.337850531529956
2026-07-04T23:43:11.656455+00:00,Mwanza,mwanza,ridge_regression,1.2256060737423378,128,22.099778463891855
2026-07-04T23:43:11.658724+00:00,Zanzibar,zanzibar,ridge_regression,0.5659308641745707,128,22.39972040664926
2026-07-05T01:25:39.184278+00:00,Dar es Salaam,dar_es_salaam,ridge_regression,0.9635466404767098,129,22.37217871261213
2026-07-05T01:25:39.187117+00:00,Dodoma,dodoma,ridge_regression,2.125703713584435,129,20.143645351881126
2026-07-05T01:25:39.189756+00:00,Arusha,arusha,ridge_regression,1.1975555289107243,129,15.930792538992462
2026-07-05T01:25:39.192381+00:00,Mwanza,mwanza,ridge_regression,1.278117636982942,129,22.19889242375215
2026-07-05T01:25:39.195010+00:00,Zanzibar,zanzibar,ridge_regression,0.5641897137287147,129,21.990401459130155
2026-07-05T05:35:44.290589+00:00,Dar es Salaam,dar_es_salaam,ridge_regression,0.9358476204581998,130,25.920839710821973
2026-07-05T05:35:44.293437+00:00,Dodoma,dodoma,ridge_regression,2.2601338506629483,130,24.180798956352405
2026-07-05T05:35:44.296125+00:00,Arusha,arusha,ridge_regression,1.177692781318167,130,17.910834493962764
2026-07-05T05:35:44.298746+00:00,Mwanza,mwanza,ridge_regression,1.334548390138278,130,24.05235471644338
2026-07-05T05:35:44.301372+00:00,Zanzibar,zanzibar,ridge_regression,0.6511828307239708,130,24.421293874916064
2026-07-05T08:31:03.419816+00:00,Dar es Salaam,dar_es_salaam,ridge_regression,0.9051891000415672,131,28.818959560380808
2026-07-05T08:31:03.422675+00:00,Dodoma,dodoma,ridge_regression,2.18830701800141,131,29.174031769547483
2026-07-05T08:31:03.425338+00:00,Arusha,arusha,ridge_regression,1.1568850585653667,131,19.538377437344828
2026-07-05T08:31:03.428066+00:00,Mwanza,mwanza,ridge_regression,1.4318042591167606,131,29.24170490099575
2026-07-05T08:31:03.430767+00:00,Zanzibar,zanzibar,ridge_regression,0.7464461724013389,131,25.751688716894005
2026-07-05T10:51:30.742009+00:00,Dar es Salaam,dar_es_salaam,ridge_regression,0.8797731911652427,132,28.449336960044693
2026-07-05T10:51:30.744798+00:00,Dodoma,dodoma,ridge_regression,2.2840746013920055,132,30.02285225748094
2026-07-05T10:51:30.747459+00:00,Arusha,arusha,ridge_regression,1.171014405927569,132,20.77086019306713
2026-07-05T10:51:30.750135+00:00,Mwanza,mwanza,ridge_regression,1.3988376162233895,132,29.70696846435949
2026-07-05T10:51:30.752746+00:00,Zanzibar,zanzibar,ridge_regression,0.7835522876126225,132,25.878010476021256
2026-07-05T12:13:07.563659+00:00,Dar es Salaam,dar_es_salaam,ridge_regression,2.2647149353656255,133,30.609166949256768
2026-07-05T12:13:07.566449+00:00,Dodoma,dodoma,ridge_regression,4.606540587293384,133,33.732235406335604
2026-07-05T12:13:07.569137+00:00,Arusha,arusha,ridge_regression,2.9693793814885376,133,24.582727071935864
2026-07-05T12:13:07.571845+00:00,Mwanza,mwanza,ridge_regression,3.2913862525462316,133,34.01830041639893
2026-07-05T12:13:07.574437+00:00,Zanzibar,zanzibar,ridge_regression,0.6775192098706957,133,27.13472074832139
2026-07-05T14:10:21.320801+00:00,Dar es Salaam,dar_es_salaam,ridge_regression,1.8616484187149633,134,28.27666030537914
2026-07-05T14:10:21.323567+00:00,Dodoma,dodoma,ridge_regression,4.861832759411448,134,31.536481657421394
2026-07-05T14:10:21.326218+00:00,Arusha,arusha,ridge_regression,3.69470951333601,134,25.268978466761567
2026-07-05T14:10:21.328876+00:00,Mwanza,mwanza,ridge_regression,2.852471610255274,134,32.36333218692522
2026-07-05T14:10:21.331534+00:00,Zanzibar,zanzibar,ridge_regression,0.747361900969064,134,26.319164070209666
2026-07-05T15:37:49.276031+00:00,Dar es Salaam,dar_es_salaam,ridge_regression,1.4499123268597964,135,26.625622133040036
2026-07-05T15:37:49.278836+00:00,Dodoma,dodoma,ridge_regression,4.804694459962195,135,29.005948903774375
2026-07-05T15:37:49.281509+00:00,Arusha,arusha,ridge_regression,3.8021971334831757,135,23.718208098314435
2026-07-05T15:37:49.284116+00:00,Mwanza,mwanza,ridge_regression,2.7078457145778447,135,29.969451540324656
2026-07-05T15:37:49.286740+00:00,Zanzibar,zanzibar,ridge_regression,0.677770843266245,135,25.086244333467388
2026-07-05T16:43:39.862139+00:00,Dar es Salaam,dar_es_salaam,ridge_regression,1.1110013955541118,136,25.143985967591764
2026-07-05T16:43:39.865024+00:00,Dodoma,dodoma,ridge_regression,4.29762567755355,136,26.451216026094535
2026-07-05T16:43:39.867767+00:00,Arusha,arusha,ridge_regression,3.2854326068169533,136,22.2065385758119
2026-07-05T16:43:39.870484+00:00,Mwanza,mwanza,ridge_regression,2.2762079042523005,136,28.052055973611107
2026-07-05T16:43:39.873118+00:00,Zanzibar,zanzibar,ridge_regression,0.4117667713696273,136,24.0681415561696
2026-07-05T17:47:25.523535+00:00,Dar es Salaam,dar_es_salaam,ridge_regression,1.144322273126885,137,24.423797086148706
2026-07-05T17:47:25.526268+00:00,Dodoma,dodoma,ridge_regression,4.4316824757157285,137,25.171220360155893
2026-07-05T17:47:25.528904+00:00,Arusha,arusha,ridge_regression,3.339757819995344,137,21.765153249954295
2026-07-05T17:47:25.531512+00:00,Mwanza,mwanza,ridge_regression,2.303916763872258,137,27.13289903770524
2026-07-05T17:47:25.534110+00:00,Zanzibar,zanzibar,ridge_regression,0.3994944422553406,137,23.598473388472456
2026-07-05T19:11:52.826148+00:00,Dar es Salaam,dar_es_salaam,ridge_regression,0.9582392725048186,138,23.478421336562832
2026-07-05T19:11:52.829047+00:00,Dodoma,dodoma,ridge_regression,3.812825576054464,138,22.4499193042944
2026-07-05T19:11:52.831770+00:00,Arusha,arusha,ridge_regression,3.020952673147336,138,20.135790480215533
2026-07-05T19:11:52.834507+00:00,Mwanza,mwanza,ridge_regression,1.8819893683214237,138,25.202227708286742
2026-07-05T19:11:52.837133+00:00,Zanzibar,zanzibar,ridge_regression,0.3832988246373881,138,22.99115864372674
2026-07-05T20:31:21.063479+00:00,Dar es Salaam,dar_es_salaam,ridge_regression,0.882491488963205,139,23.166062205263994
2026-07-05T20:31:21.066455+00:00,Dodoma,dodoma,ridge_regression,3.3047241811419354,139,21.232205882192783
2026-07-05T20:31:21.069292+00:00,Arusha,arusha,ridge_regression,3.0221933064957285,139,19.32425275216479
2026-07-05T20:31:21.072141+00:00,Mwanza,mwanza,ridge_regression,1.6077709983392394,139,24.098388557695504
2026-07-05T20:31:21.074847+00:00,Zanzibar,zanzibar,ridge_regression,0.3886739667282108,139,22.948919317398264
2026-07-05T21:40:38.081935+00:00,Dar es Salaam,dar_es_salaam,ridge_regression,0.8767392476531597,140,23.34612936396303
2026-07-05T21:40:38.084652+00:00,Dodoma,dodoma,ridge_regression,3.1142678462741977,140,20.884499465571647
2026-07-05T21:40:38.087205+00:00,Arusha,arusha,ridge_regression,2.702305426130212,140,18.461279546140627
2026-07-05T21:40:38.089634+00:00,Mwanza,mwanza,ridge_regression,1.4438443473805427,140,22.460152320257933
2026-07-05T21:40:38.091958+00:00,Zanzibar,zanzibar,ridge_regression,0.3925104950984824,140,23.353810391170356
2026-07-05T22:39:42.868935+00:00,Dar es Salaam,dar_es_salaam,ridge_regression,0.8184280669548147,141,22.974292591365288
2026-07-05T22:39:42.871765+00:00,Dodoma,dodoma,ridge_regression,3.0489987145055797,141,20.218468097466584
2026-07-05T22:39:42.874473+00:00,Arusha,arusha,ridge_regression,2.249598085834117,141,17.559827659628684
2026-07-05T22:39:42.877148+00:00,Mwanza,mwanza,ridge_regression,1.525883754288591,141,22.13581963228397
2026-07-05T22:39:42.879763+00:00,Zanzibar,zanzibar,ridge_regression,0.39266279978441493,141,23.24745102633774
2026-07-05T23:44:26.138870+00:00,Dar es Salaam,dar_es_salaam,ridge_regression,0.8238027057275896,142,23.0016915465912
2026-07-05T23:44:26.141699+00:00,Dodoma,dodoma,ridge_regression,3.089325244952511,142,20.039055213340717
2026-07-05T23:44:26.144387+00:00,Arusha,arusha,ridge_regression,2.2499508297580677,142,17.390874702565334
2026-07-05T23:44:26.147044+00:00,Mwanza,mwanza,ridge_regression,1.5124332673229144,142,21.950686215267904
2026-07-05T23:44:26.149683+00:00,Zanzibar,zanzibar,ridge_regression,0.38093473681468554,142,23.278059264028066
2026-07-06T01:26:25.914210+00:00,Dar es Salaam,dar_es_salaam,ridge_regression,0.7478168871674968,143,24.06527899308845
2026-07-06T01:26:25.917129+00:00,Dodoma,dodoma,ridge_regression,2.888384652592742,143,22.081318338050025
2026-07-06T01:26:25.919890+00:00,Arusha,arusha,ridge_regression,1.9634159703951184,143,18.20670980600597
2026-07-06T01:26:25.922837+00:00,Mwanza,mwanza,ridge_regression,1.6302172732875866,143,22.613701922545363
2026-07-06T01:26:25.925471+00:00,Zanzibar,zanzibar,ridge_regression,0.39498883656562256,143,23.60135286291341
2026-07-06T05:55:54.697835+00:00,Dar es Salaam,dar_es_salaam,ridge_regression,0.8301091388533544,144,27.656391073735747
2026-07-06T05:55:54.700368+00:00,Dodoma,dodoma,ridge_regression,2.8090103191170557,144,26.213801677673533
2026-07-06T05:55:54.702609+00:00,Arusha,arusha,ridge_regression,2.049270040451236,144,21.091122344535062
2026-07-06T05:55:54.704888+00:00,Mwanza,mwanza,ridge_regression,1.3318077821257484,144,24.353539119800434
2026-07-06T05:55:54.707082+00:00,Zanzibar,zanzibar,ridge_regression,0.36895822896306346,144,25.79882125552146
2026-07-06T10:15:42.886657+00:00,Dar es Salaam,dar_es_salaam,ridge_regression,1.0272146787441585,145,30.384462724685314
2026-07-06T10:15:42.889695+00:00,Dodoma,dodoma,ridge_regression,2.783179420856897,145,31.62660083885475
2026-07-06T10:15:42.892495+00:00,Arusha,arusha,ridge_regression,1.8880078075037894,145,24.70899683156626
2026-07-06T10:15:42.895249+00:00,Mwanza,mwanza,ridge_regression,2.341837340896058,145,32.00876921994633
2026-07-06T10:15:42.897893+00:00,Zanzibar,zanzibar,ridge_regression,0.41403856603386474,145,27.855618585662413
2026-07-06T14:06:06.088795+00:00,Dar es Salaam,dar_es_salaam,ridge_regression,0.9848441118392659,146,27.080764573385032
2026-07-06T14:06:06.091820+00:00,Dodoma,dodoma,ridge_regression,2.667438013075457,146,28.343681539056057
2026-07-06T14:06:06.094619+00:00,Arusha,arusha,ridge_regression,1.4793131107949296,146,23.0008922189394
2026-07-06T14:06:06.097494+00:00,Mwanza,mwanza,ridge_regression,2.150240153887611,146,28.139827967992005
2026-07-06T14:06:06.100335+00:00,Zanzibar,zanzibar,ridge_regression,0.4302064790565551,146,25.706569065036955
2026-07-06T17:15:37.938173+00:00,Dar es Salaam,dar_es_salaam,ridge_regression,1.0280414605574582,147,25.106859317939563
2026-07-06T17:15:37.940847+00:00,Dodoma,dodoma,ridge_regression,2.859979463941477,147,23.576094074906273
2026-07-06T17:15:37.943318+00:00,Arusha,arusha,ridge_regression,1.5600324143997453,147,19.999878919413028
2026-07-06T17:15:37.945683+00:00,Mwanza,mwanza,ridge_regression,2.219893081024424,147,26.327182572179943
2026-07-06T17:15:37.948023+00:00,Zanzibar,zanzibar,ridge_regression,0.42608523192256853,147,24.75158360698341
2026-07-06T19:14:27.105272+00:00,Dar es Salaam,dar_es_salaam,ridge_regression,1.0013674971583326,148,24.774612592450403
2026-07-06T19:14:27.108131+00:00,Dodoma,dodoma,ridge_regression,2.6673072141624785,148,21.510674971458435
2026-07-06T19:14:27.110904+00:00,Arusha,arusha,ridge_regression,1.442492549669518,148,18.615299203428147
2026-07-06T19:14:27.113621+00:00,Mwanza,mwanza,ridge_regression,1.5419674679534126,148,24.695719350929405
2026-07-06T19:14:27.116288+00:00,Zanzibar,zanzibar,ridge_regression,0.3937885639148464,148,23.92028497749113
2026-07-06T21:02:30.313479+00:00,Dar es Salaam,dar_es_salaam,ridge_regression,0.8833582592006498,149,23.876290379707186
2026-07-06T21:02:30.316445+00:00,Dodoma,dodoma,ridge_regression,2.577291660830377,149,20.94934753777075
2026-07-06T21:02:30.319282+00:00,Arusha,arusha,ridge_regression,1.4310745334373498,149,17.348424686141882
2026-07-06T21:02:30.322111+00:00,Mwanza,mwanza,ridge_regression,1.4434209784321743,149,22.3667702613978
2026-07-06T21:02:30.324893+00:00,Zanzibar,zanzibar,ridge_regression,0.4440457831324077,149,23.804046848165584
2026-07-06T22:36:41.720357+00:00,Dar es Salaam,dar_es_salaam,ridge_regression,0.7878053335741535,150,23.507200592253024
2026-07-06T22:36:41.723460+00:00,Dodoma,dodoma,ridge_regression,2.48590684893176,150,20.27028150545587
2026-07-06T22:36:41.726394+00:00,Arusha,arusha,ridge_regression,0.9897348258584086,150,16.248447316825352
2026-07-06T22:36:41.729220+00:00,Mwanza,mwanza,ridge_regression,1.098345065152136,150,21.227046808402374
2026-07-06T22:36:41.731965+00:00,Zanzibar,zanzibar,ridge_regression,0.5268943620818394,150,23.428172719233213
2026-07-06T23:44:40.537526+00:00,Dar es Salaam,dar_es_salaam,ridge_regression,0.7257146338479223,151,23.27924900876118
2026-07-06T23:44:40.540369+00:00,Dodoma,dodoma,ridge_regression,2.2064458259317017,151,19.720387942931666
2026-07-06T23:44:40.543108+00:00,Arusha,arusha,ridge_regression,0.7058597606276309,151,15.806949545610099
2026-07-06T23:44:40.545845+00:00,Mwanza,mwanza,ridge_regression,0.8892124008330319,151,20.696340870221064
2026-07-06T23:44:40.548551+00:00,Zanzibar,zanzibar,ridge_regression,0.6232415000250929,151,23.363427116748188
2026-07-07T01:25:47.686830+00:00,Dar es Salaam,dar_es_salaam,ridge_regression,0.7287803227960159,152,24.083443810753735
2026-07-07T01:25:47.689769+00:00,Dodoma,dodoma,ridge_regression,2.239153636157507,152,21.70104992026524
2026-07-07T01:25:47.692584+00:00,Arusha,arusha,ridge_regression,0.709120721433517,152,16.307363489813184
2026-07-07T01:25:47.695438+00:00,Mwanza,mwanza,ridge_regression,0.8829907385552265,152,21.403864719070988
2026-07-07T01:25:47.698204+00:00,Zanzibar,zanzibar,ridge_regression,0.6527038027098258,152,23.736664131870125
2026-07-07T05:34:38.083040+00:00,Dar es Salaam,dar_es_salaam,ridge_regression,0.7002417267594077,153,26.891760771091324
2026-07-07T05:34:38.085661+00:00,Dodoma,dodoma,ridge_regression,1.9022929310201364,153,24.88284283091834
2026-07-07T05:34:38.088108+00:00,Arusha,arusha,ridge_regression,0.6786315806643526,153,17.984838608201514
2026-07-07T05:34:38.090586+00:00,Mwanza,mwanza,ridge_regression,0.8674499254577618,153,22.3761706569788
2026-07-07T05:34:38.092991+00:00,Zanzibar,zanzibar,ridge_regression,0.6884557266345539,153,24.813541568756737
2026-07-07T08:54:30.362283+00:00,Dar es Salaam,dar_es_salaam,ridge_regression,0.7539432528187252,154,28.641958575420453
2026-07-07T08:54:30.365229+00:00,Dodoma,dodoma,ridge_regression,1.82017488757037,154,29.223302037913747
2026-07-07T08:54:30.368023+00:00,Arusha,arusha,ridge_regression,0.7246836428462081,154,21.026272232509623
2026-07-07T08:54:30.370791+00:00,Mwanza,mwanza,ridge_regression,0.958189920207856,154,26.795839434292706
2026-07-07T08:54:30.373487+00:00,Zanzibar,zanzibar,ridge_regression,0.6803829297976034,154,26.573178511012408
2026-07-07T11:45:01.209389+00:00,Dar es Salaam,dar_es_salaam,ridge_regression,0.8440653386104541,155,28.581332524617007
2026-07-07T11:45:01.212271+00:00,Dodoma,dodoma,ridge_regression,1.8690248419754083,155,30.135332873429732
2026-07-07T11:45:01.215032+00:00,Arusha,arusha,ridge_regression,0.7198347272447813,155,22.076523158012087
2026-07-07T11:45:01.217778+00:00,Mwanza,mwanza,ridge_regression,0.9999660519915797,155,28.18671772932964
2026-07-07T11:45:01.220501+00:00,Zanzibar,zanzibar,ridge_regression,0.7431463861334071,155,26.30176619657731
2026-07-07T12:15:56.680390+00:00,Dar es Salaam,dar_es_salaam,ridge_regression,0.9248782244988264,156,28.972308324705455
2026-07-07T12:15:56.685721+00:00,Dodoma,dodoma,ridge_regression,1.9560476418759947,156,29.58690344568131
2026-07-07T12:15:56.690746+00:00,Arusha,arusha,ridge_regression,0.6916134908803094,156,22.140034228834413
2026-07-07T12:15:56.756165+00:00,Mwanza,mwanza,ridge_regression,1.0212968935290967,156,27.047781762704368
2026-07-07T12:15:56.761389+00:00,Zanzibar,zanzibar,ridge_regression,0.8022817176836107,156,25.718511710117422
2026-07-07T12:20:08.471724+00:00,Dar es Salaam,dar_es_salaam,ridge_regression,0.9248782244988264,156,28.972308324705455
2026-07-07T12:20:08.477188+00:00,Dodoma,dodoma,ridge_regression,1.9726368857449106,157,29.58690344568131
2026-07-07T12:20:08.482217+00:00,Arusha,arusha,ridge_regression,0.6743766389413752,157,22.140034228834413
2026-07-07T12:20:08.487354+00:00,Mwanza,mwanza,ridge_regression,1.003513185521801,157,27.047781762704368
2026-07-07T12:20:08.492374+00:00,Zanzibar,zanzibar,ridge_regression,0.8215389049471673,157,25.718511710117422
2026-07-07T12:35:08.789851+00:00,Dar es Salaam,dar_es_salaam,ridge_regression,1.0326104151302835,157,28.499905623145487
2026-07-07T12:35:08.795237+00:00,Dodoma,dodoma,ridge_regression,2.047455422501175,158,29.577851115897754
2026-07-07T12:35:08.857420+00:00,Arusha,arusha,ridge_regression,0.6712013032744066,158,22.166713901088492
2026-07-07T12:35:08.863309+00:00,Mwanza,mwanza,ridge_regression,0.9973420268032668,158,26.996887041652805
2026-07-07T12:35:08.869087+00:00,Zanzibar,zanzibar,ridge_regression,0.835508489930684,158,26.307733913457845
2026-07-07T12:50:08.567518+00:00,Dar es Salaam,dar_es_salaam,ridge_regression,1.0326104151302835,157,28.499905623145487
2026-07-07T12:50:08.572883+00:00,Dodoma,dodoma,ridge_regression,2.0682348104367323,159,29.480867071789763
2026-07-07T12:50:08.577991+00:00,Arusha,arusha,ridge_regression,0.6719530772908875,159,22.17394033998029
2026-07-07T12:50:08.583027+00:00,Mwanza,mwanza,ridge_regression,0.9568406284250367,159,26.86070691576166
2026-07-07T12:50:08.588604+00:00,Zanzibar,zanzibar,ridge_regression,0.8782577594506059,159,26.26736508377986
2026-07-07T13:05:07.792055+00:00,Dar es Salaam,dar_es_salaam,ridge_regression,1.1512540610875015,158,28.131573645403808
2026-07-07T13:05:07.797663+00:00,Dodoma,dodoma,ridge_regression,2.0862043077099433,160,28.489117247952663
2026-07-07T13:05:07.803069+00:00,Arusha,arusha,ridge_regression,0.6645137611996568,160,21.855754920073476
2026-07-07T13:05:07.808160+00:00,Mwanza,mwanza,ridge_regression,0.9633868738943409,160,26.223250162584208
2026-07-07T13:05:07.814256+00:00,Zanzibar,zanzibar,ridge_regression,0.8972687174735872,160,25.850156128243352
2026-07-07T13:20:08.393976+00:00,Dar es Salaam,dar_es_salaam,ridge_regression,1.1512540610875015,158,28.131573645403808
2026-07-07T13:20:08.399367+00:00,Dodoma,dodoma,ridge_regression,2.0464139752512356,161,28.320030147561607
2026-07-07T13:20:08.458055+00:00,Arusha,arusha,ridge_regression,0.6690348104059565,161,21.840415717092473
2026-07-07T13:20:08.463204+00:00,Mwanza,mwanza,ridge_regression,0.9743226209620791,161,25.841105117419858
2026-07-07T13:20:08.487860+00:00,Zanzibar,zanzibar,ridge_regression,0.9393491601124876,161,25.81246403584627
2026-07-07T13:35:08.278424+00:00,Dar es Salaam,dar_es_salaam,ridge_regression,1.2555457914637316,159,27.946094154630405
2026-07-07T13:35:08.284170+00:00,Dodoma,dodoma,ridge_regression,2.0425841622909435,162,28.279990350093744
2026-07-07T13:35:08.289762+00:00,Arusha,arusha,ridge_regression,0.6566272186635799,162,21.850118663316515
2026-07-07T13:35:08.295392+00:00,Mwanza,mwanza,ridge_regression,0.9556732955565659,162,25.729339004201737
2026-07-07T13:35:08.300823+00:00,Zanzibar,zanzibar,ridge_regression,0.9536859745286628,162,25.768593893704875
2026-07-07T13:50:09.574993+00:00,Dar es Salaam,dar_es_salaam,ridge_regression,1.3609085288679807,160,27.831777710336368
2026-07-07T13:50:09.580490+00:00,Dodoma,dodoma,ridge_regression,1.9714991751764226,163,28.013783296276266
2026-07-07T13:50:09.585766+00:00,Arusha,arusha,ridge_regression,0.6664562017847805,163,21.834609396156914
2026-07-07T13:50:09.591065+00:00,Mwanza,mwanza,ridge_regression,1.06127017470242,163,25.372741643914836
2026-07-07T13:50:09.654737+00:00,Zanzibar,zanzibar,ridge_regression,0.8622722120892683,163,25.99223709642215
2026-07-07T14:05:08.099400+00:00,Dar es Salaam,dar_es_salaam,ridge_regression,1.4553762307448919,161,27.520383088005865
2026-07-07T14:05:08.154286+00:00,Dodoma,dodoma,ridge_regression,2.3339337567190745,164,27.507742213258222
2026-07-07T14:05:08.159934+00:00,Arusha,arusha,ridge_regression,0.717622487844936,164,21.204526612400073
2026-07-07T14:05:08.165536+00:00,Mwanza,mwanza,ridge_regression,0.8391439687263997,164,26.075211398754814
2026-07-07T14:05:08.171133+00:00,Zanzibar,zanzibar,ridge_regression,0.8797216659201976,164,25.814322878473952
2026-07-07T14:20:08.754152+00:00,Dar es Salaam,dar_es_salaam,ridge_regression,1.5270431052073457,162,27.463894160863763
2026-07-07T14:20:08.759785+00:00,Dodoma,dodoma,ridge_regression,2.026199494032687,165,26.965205032803965
2026-07-07T14:20:08.765004+00:00,Arusha,arusha,ridge_regression,0.764662469950371,165,20.985735840427502
2026-07-07T14:20:08.770503+00:00,Mwanza,mwanza,ridge_regression,0.8488840859259804,165,26.056078669287526
2026-07-07T14:20:08.781222+00:00,Zanzibar,zanzibar,ridge_regression,0.9253044109301221,165,25.923785028890777
2026-07-07T14:35:08.379090+00:00,Dar es Salaam,dar_es_salaam,ridge_regression,1.6960247938100579,163,27.74620391461121
2026-07-07T14:35:08.384307+00:00,Dodoma,dodoma,ridge_regression,1.730408555199204,166,26.463573772196813
2026-07-07T14:35:08.389674+00:00,Arusha,arusha,ridge_regression,0.839859296421469,166,20.730824136782783
2026-07-07T14:35:08.395149+00:00,Mwanza,mwanza,ridge_regression,0.8712761996193449,166,26.117469658809735
2026-07-07T14:35:08.400406+00:00,Zanzibar,zanzibar,ridge_regression,0.983854498494163,166,25.959252932735062
2026-07-07T14:50:08.890516+00:00,Dar es Salaam,dar_es_salaam,ridge_regression,1.6960247938100579,163,27.74620391461121
2026-07-07T14:50:08.896922+00:00,Dodoma,dodoma,ridge_regression,1.7255016498167803,167,26.351479025626773
2026-07-07T14:50:08.902662+00:00,Arusha,arusha,ridge_regression,0.8377803719154615,167,20.63384743614769
2026-07-07T14:50:08.908189+00:00,Mwanza,mwanza,ridge_regression,0.854987771948474,167,26.054034370656833
2026-07-07T14:50:08.959242+00:00,Zanzibar,zanzibar,ridge_regression,1.006660334795366,167,25.96495362394897
2026-07-07T15:05:09.391953+00:00,Dar es Salaam,dar_es_salaam,ridge_regression,1.88214902453227,164,27.41034597677905
2026-07-07T15:05:09.397826+00:00,Dodoma,dodoma,ridge_regression,1.4032012040399262,168,24.62997072646498
2026-07-07T15:05:09.403350+00:00,Arusha,arusha,ridge_regression,0.8648007965798998,168,20.00984091090215
2026-07-07T15:05:09.462405+00:00,Mwanza,mwanza,ridge_regression,0.8850729788440224,168,25.708501279358657
2026-07-07T15:05:09.473325+00:00,Zanzibar,zanzibar,ridge_regression,1.052904403974577,168,25.466801178160424
2026-07-07T15:20:08.995160+00:00,Dar es Salaam,dar_es_salaam,ridge_regression,2.0145574055452005,165,27.378657024973712
2026-07-07T15:20:09.000714+00:00,Dodoma,dodoma,ridge_regression,1.1070792215098484,169,24.0451368900791
2026-07-07T15:20:09.059632+00:00,Arusha,arusha,ridge_regression,0.9704314012257363,169,19.501243393701976
2026-07-07T15:20:09.066074+00:00,Mwanza,mwanza,ridge_regression,0.7643610871138347,169,25.399567631279382
2026-07-07T15:20:09.073390+00:00,Zanzibar,zanzibar,ridge_regression,1.0710417937682752,169,25.405514055910118
